Food Name,Glycemic Index,Calories,Carbohydrates,Protein,Fat,Suitable for Diabetes,Suitable for Blood Pressure,Sodium Content,Potassium Content,Magnesium Content,Calcium Content,Fiber Content,Food Type,Suitable for Diabetes,Food Type
Apple,0.410526316,0.057649667,0.180645161,0.009677419,0.002,1,1,0,0.076156584,0.022959184,0.008784773,0.069767442,Vegetable,1,Carb
Banana,0.536842105,0.106430155,0.296774194,0.035483871,0.002,1,1,0.000909091,0.25480427,0.068877551,0.007320644,0.075581395,Carb,1,Carb
Orange,0.442105263,0.04767184,0.116129032,0.029032258,0.001,1,1,0,0.128825623,0.025510204,0.058565154,0.066860465,Vegetable,1,Carb
Strawberries,0.421052632,0.032150776,0.090322581,0.022580645,0.003,1,1,0.000909091,0.108896797,0.033163265,0.023426061,0.058139535,Vegetable,1,Carb
Blueberries,0.557894737,0.063192905,0.180645161,0.022580645,0.003,1,1,0.000909091,0.05480427,0.022959184,0.008784773,0.069767442,Vegetable,1,Carb
Watermelon,0.8,0.033259424,0.103225806,0.019354839,0.002,1,1,0.000909091,0.079715302,0.028061224,0.011713031,0.01744186,Other,1,Carb
Pineapple,0.694736842,0.055432373,0.167741935,0.016129032,0.001,1,1,0.000909091,0.128113879,0.030612245,0.019033675,0.040697674,Other,1,Carb
Mango,0.536842105,0.066518847,0.193548387,0.025806452,0.004,1,1,0.001818182,0.111032028,0.022959184,0.016105417,0.046511628,Carb,1,Carb
Grapes,0.484210526,0.076496674,0.232258065,0.022580645,0.002,1,1,0.001818182,0.13594306,0.028061224,0.014641288,0.026162791,Carb,1,Carb
Avocado,0.157894737,0.177383592,0.116129032,0.064516129,0.15,1,1,0.006363636,0.34519573,0.073979592,0.017569546,0.194767442,Other,1,Carb
Tomato,0.157894737,0.019955654,0.051612903,0.029032258,0.002,1,1,0.004545455,0.168683274,0.028061224,0.008784773,0.034883721,Other,1,Carb
Carrot,0.494736842,0.045454545,0.129032258,0.029032258,0.002,1,1,0.062727273,0.227758007,0.030612245,0.048316252,0.081395349,Vegetable,1,Carb
Broccoli,0.157894737,0.06097561,0.141935484,0.135483871,0.006,1,1,0.03,0.224911032,0.053571429,0.068814056,0.075581395,Vegetable,1,Carb
Spinach,0.157894737,0.025498891,0.046451613,0.093548387,0.004,1,1,0.071818182,0.397153025,0.201530612,0.144948755,0.063953488,Vegetable,1,Carb
Lettuce,0.157894737,0.005543237,0.012903226,0.016129032,0.001,1,1,0.004545455,0.03202847,0.020408163,0.026354319,0.014534884,Other,1,Carb
Cucumber,0.157894737,0.017738359,0.046451613,0.022580645,0.001,1,1,0.001818182,0.104626335,0.033163265,0.023426061,0.014534884,Other,1,Carb
Zucchini,0.157894737,0.018847007,0.04,0.038709677,0.002,1,1,0.002727273,0.209964413,0.045918367,0.023426061,0.029069767,Other,1,Carb
Bell Pepper,0.157894737,0.034368071,0.077419355,0.041935484,0.003,1,1,0.000909091,0.150177936,0.025510204,0.014641288,0.061046512,Vegetable,1,Carb
Cauliflower,0.157894737,0.027716186,0.064516129,0.064516129,0.003,1,1,0.027272727,0.212811388,0.038265306,0.032210835,0.058139535,Vegetable,1,Carb
Celery,0.157894737,0.006651885,0.015483871,0.009677419,0.001,1,1,0.031818182,0.074021352,0.020408163,0.058565154,0.046511628,Other,1,Carb
Eggplant,0.157894737,0.027716186,0.077419355,0.032258065,0.002,1,1,0.001818182,0.162989324,0.035714286,0.01317716,0.087209302,Vegetable,1,Carb
Sweet Potato,0.736842105,0.095343681,0.258064516,0.051612903,0.001,1,1,0.05,0.239857651,0.058673469,0.043923865,0.087209302,Carb,1,Carb
Brown Rice,0.715789474,0.239467849,0.590967742,0.161290323,0.018,1,1,0.006363636,0.109608541,0.109693878,0.027818448,0.101744186,Carb,1,Carb
Quinoa,0.557894737,0.133037694,0.27483871,0.141935484,0.019,1,1,0.004545455,0.122419929,0.163265306,0.02489019,0.081395349,Carb,1,Carb
Oats,0.578947368,0.16962306,0.339354839,0.170967742,0.027,1,1,0.001818182,0.116725979,0.201530612,0.079062958,0.11627907,Carb,1,Carb
Whole Wheat Bread,0.726315789,0.087583149,0.198709677,0.093548387,0.01,1,1,0.121818182,0.058362989,0.073979592,0.029282577,0.078488372,Carb,1,Carb
Salmon,0,0.228381375,0,0.709677419,0.13,1,1,0.053636364,0.446975089,0.068877551,0.017569546,0,Protein,1,Carb
Chicken Breast,0,0.182926829,0,1,0.036,1,1,0.067272727,0.251957295,0.073979592,0.016105417,0,Protein,1,Carb
Lean Beef,0,0.277161863,0,0.838709677,0.17,1,1,0.049090909,0.267615658,0.051020408,0.017569546,0,Protein,1,Carb
Turkey Breast,0,0.10864745,0,0.709677419,0.01,1,1,0.042727273,0.206405694,0.056122449,0.014641288,0,Protein,1,Carb
Eggs,0,0.086474501,0.007741935,0.193548387,0.053,1,1,0.056363636,0.044839858,0.025510204,0.040995608,0,Protein,1,Carb
Almonds,0,0.641906874,0.278709677,0.683870968,0.499,1,1,0.000909091,0.521708185,0.68877551,0.386530015,0.363372093,Carb,1,Carb
Walnuts,0,0.725055432,0.176774194,0.490322581,0.652,1,1,0.001818182,0.313879004,0.403061224,0.143484627,0.194767442,Other,1,Carb
Peanuts,0.147368421,0.628603104,0.207741935,0.832258065,0.492,1,1,0.016363636,0.501779359,0.428571429,0.134699854,0.247093023,Carb,1,Carb
Greek Yogurt,0.115789474,0.0654102,0.046451613,0.322580645,0.004,1,1,0.032727273,0.100355872,0.030612245,0.172767204,0,Protein,1,Carb
Cottage Cheese,0.105263158,0.10864745,0.033548387,0.358064516,0.043,1,1,0.330909091,0.074021352,0.017857143,0.183016105,0,Protein,1,Carb
Lentils,0.336842105,0.128603104,0.258064516,0.290322581,0.004,1,1,0.001818182,0.262633452,0.091836735,0.026354319,0.229651163,Carb,1,Protein
Chickpeas,0.105263158,0.298226164,0.580645161,0.483870968,0.042,1,1,0.021818182,0.622775801,0.201530612,0.117130307,0.354651163,Carb,1,Protein
Black Beans,0.315789474,0.251662971,0.534193548,0.490322581,0.009,1,1,0.000909091,0.434875445,0.306122449,0.040995608,0.436046512,Carb,1,Protein
Brown Lentils,0.336842105,0.390243902,0.774193548,0.774193548,0.011,1,1,0.002727273,0.520284698,0.119897959,0.081991215,0.311046512,Carb,1,Protein
Quinoa,0.557894737,0.133037694,0.27483871,0.141935484,0.019,1,1,0.004545455,0.122419929,0.163265306,0.02489019,0.081395349,Carb,1,Protein
Spinach,0.157894737,0.025498891,0.046451613,0.093548387,0.004,1,1,0.071818182,0.397153025,0.201530612,0.144948755,0.063953488,Vegetable,1,Protein
Kale,0.157894737,0.054323725,0.113548387,0.138709677,0.009,1,1,0.020909091,0.234875445,0.084183673,0.219619327,0.058139535,Vegetable,1,Protein
Salmon,0,0.228381375,0,0.709677419,0.13,1,1,0.053636364,0.446975089,0.068877551,0.017569546,0,Protein,1,Protein
Chicken Breast,0,0.182926829,0,1,0.036,1,1,0.067272727,0.251957295,0.073979592,0.016105417,0,Protein,1,Protein
Lean Beef,0,0.277161863,0,0.838709677,0.17,1,1,0.049090909,0.267615658,0.051020408,0.017569546,0,Protein,1,Protein
Turkey Breast,0,0.10864745,0,0.709677419,0.01,1,1,0.042727273,0.206405694,0.056122449,0.014641288,0,Protein,1,Protein
Eggs,0,0.086474501,0.007741935,0.193548387,0.053,1,1,0.056363636,0.044839858,0.025510204,0.040995608,0,Protein,1,Vegetable
Almonds,0,0.641906874,0.278709677,0.683870968,0.499,1,1,0.000909091,0.521708185,0.68877551,0.386530015,0.363372093,Carb,1,Vegetable
Walnuts,0,0.725055432,0.176774194,0.490322581,0.652,1,1,0.001818182,0.313879004,0.403061224,0.143484627,0.194767442,Other,1,Vegetable
Peanuts,0.147368421,0.628603104,0.207741935,0.832258065,0.492,1,1,0.016363636,0.501779359,0.428571429,0.134699854,0.247093023,Carb,1,Vegetable
Greek Yogurt,0.115789474,0.0654102,0.046451613,0.322580645,0.004,1,1,0.032727273,0.100355872,0.030612245,0.172767204,0,Protein,1,Vegetable
Cottage Cheese,0.105263158,0.10864745,0.033548387,0.358064516,0.043,1,1,0.330909091,0.074021352,0.017857143,0.183016105,0,Protein,1,Vegetable
Lentils,0.336842105,0.128603104,0.258064516,0.290322581,0.004,1,1,0.001818182,0.262633452,0.091836735,0.026354319,0.229651163,Carb,1,Vegetable
Chickpeas,0.105263158,0.298226164,0.580645161,0.483870968,0.042,1,1,0.021818182,0.622775801,0.201530612,0.117130307,0.354651163,Carb,1,Vegetable
Black Beans,0.315789474,0.251662971,0.534193548,0.490322581,0.009,1,1,0.000909091,0.434875445,0.306122449,0.040995608,0.436046512,Carb,1,Vegetable
Brown Lentils,0.336842105,0.390243902,0.774193548,0.774193548,0.011,1,1,0.002727273,0.520284698,0.119897959,0.081991215,0.311046512,Carb,1,Vegetable
Quinoa,0.557894737,0.133037694,0.27483871,0.141935484,0.019,1,1,0.004545455,0.122419929,0.163265306,0.02489019,0.081395349,Carb,1,Vegetable
Spinach,0.157894737,0.025498891,0.046451613,0.093548387,0.004,1,1,0.071818182,0.397153025,0.201530612,0.144948755,0.063953488,Vegetable,1,Vegetable
Kale,0.157894737,0.054323725,0.113548387,0.138709677,0.009,1,1,0.020909091,0.234875445,0.084183673,0.219619327,0.058139535,Vegetable,1,Vegetable
Avocado,0.157894737,0.177383592,0.116129032,0.064516129,0.15,1,1,0.006363636,0.34519573,0.073979592,0.017569546,0.203488372,Other,1,Vegetable
Berries (Mixed),0.421052632,0.04767184,0.129032258,0.022580645,0.004,1,1,0.000909091,0.05480427,0.015306122,0.023426061,0.069767442,Vegetable,1,Vegetable
Oranges,0.421052632,0.068736142,0.193548387,0.038709677,0.002,1,1,0,0.168683274,0.025510204,0.0761347,0.090116279,Carb,1,Vegetable
Apples,0.410526316,0.057649667,0.180645161,0.009677419,0.002,1,1,0,0.076156584,0.012755102,0.008784773,0.069767442,Vegetable,1,Vegetable
Grapes,0.621052632,0.076496674,0.232258065,0.023225806,0.0016,1,1,0.001818182,0.13594306,0.020408163,0.014641288,0.026162791,Carb,1,Vegetable
Watermelon,0.757894737,0.033259424,0.103225806,0.019354839,0.002,1,1,0.000909091,0.079715302,0.025510204,0.016105417,0.01744186,Other,1,Vegetable
Blueberries,0.557894737,0.063192905,0.180645161,0.022580645,0.003,1,1,0.000909091,0.05480427,0.022959184,0.008784773,0.069767442,Vegetable,1,Vegetable
Strawberries,0.421052632,0.035476718,0.099354839,0.022580645,0.003,1,1,0.000909091,0.108896797,0.033163265,0.023426061,0.058139535,Vegetable,1,Vegetable
Broccoli,0.105263158,0.06097561,0.144516129,0.119354839,0.006,1,1,0.03,0.224911032,0.053571429,0.070278184,0.148255814,Vegetable,1,Vegetable
Cauliflower,0.157894737,0.027716186,0.068387097,0.061290323,0.003,1,1,0.027272727,0.212811388,0.038265306,0.032210835,0.058139535,Vegetable,1,Vegetable
Green Beans,0.157894737,0.034368071,0.090322581,0.058064516,0.002,1,1,0.005454545,0.148754448,0.06377551,0.054172767,0.098837209,Vegetable,1,Vegetable
Zucchini,0.157894737,0.018847007,0.04,0.038709677,0.002,1,1,0.007272727,0.175800712,0.045918367,0.023426061,0.029069767,Other,1,Vegetable
Carrots,0.410526316,0.045454545,0.129032258,0.029032258,0.002,1,1,0.062727273,0.227758007,0.030612245,0.048316252,0.081395349,Vegetable,1,Vegetable
Tomatoes,0.157894737,0.019955654,0.050322581,0.029032258,0.002,1,1,0.004545455,0.168683274,0.028061224,0.014641288,0.034883721,Other,1,Vegetable
Cucumber,0.157894737,0.017738359,0.046451613,0.022580645,0.001,1,1,0.001818182,0.054092527,0.017857143,0.020497804,0.014534884,Other,1,Vegetable
Asparagus,0.157894737,0.022172949,0.047741935,0.070967742,0.002,1,1,0.001818182,0.143772242,0.035714286,0.035139092,0.058139535,Vegetable,1,Vegetable
Mushrooms,0.105263158,0.024390244,0.042580645,0.1,0.003,1,1,0.004545455,0.22633452,0.022959184,0.004392387,0.029069767,Other,1,Vegetable
Cabbage,0.105263158,0.027716186,0.07483871,0.041935484,0.001,1,1,0.016363636,0.120996441,0.022959184,0.058565154,0.063953488,Vegetable,1,Vegetable
Onions,0.105263158,0.044345898,0.12,0.035483871,0.001,1,1,0.003636364,0.103914591,0.025510204,0.033674963,0.049418605,Other,1,Vegetable
Garlic,0.315789474,0.16518847,0.427096774,0.206451613,0.005,1,1,0.015454545,0.285409253,0.06377551,0.265007321,0.061046512,Carb,1,Vegetable
Lettuce,0.105263158,0.005543237,0.012903226,0.016129032,0,1,1,0.004545455,0.042704626,0.010204082,0.019033675,0.014534884,Other,1,Vegetable
Celery,0.157894737,0.017738359,0.049032258,0.022580645,0.002,1,1,0.072727273,0.185053381,0.028061224,0.058565154,0.046511628,Other,1,Vegetable
Bell Peppers,0.157894737,0.034368071,0.081290323,0.041935484,0.003,1,1,0.002727273,0.12455516,0.025510204,0.014641288,0.049418605,Other,1,Vegetable
Eggplant,0.157894737,0.027716186,0.077419355,0.032258065,0.002,1,1,0.001818182,0.162989324,0.035714286,0.01317716,0.087209302,Vegetable,1,Vegetable
Cauliflower Rice,0.157894737,0.027716186,0.068387097,0.061290323,0.003,1,1,0.027272727,0.212811388,0.038265306,0.032210835,0.058139535,Vegetable,1,Vegetable
Cabbage Soup,0.105263158,0.027716186,0.077419355,0.038709677,0.001,1,1,0.008181818,0.120996441,0.022959184,0.068814056,0.058139535,Vegetable,1,Vegetable
Mushroom Soup,0.105263158,0.045454545,0.08516129,0.125806452,0.007,1,1,0.635454545,0.250533808,0.043367347,0.010248902,0.046511628,Other,1,Vegetable
Tomato Soup,0.4,0.082039911,0.206451613,0.083870968,0.006,1,1,0.435454545,0.569395018,0.066326531,0.061493411,0.069767442,Carb,1,Vegetable
Chicken Soup,0.105263158,0.095343681,0.092903226,0.309677419,0.019,1,1,0.987272727,0.186476868,0.033163265,0.054172767,0.01744186,Protein,1,Vegetable
Vegetable Soup,0.105263158,0.080931264,0.206451613,0.093548387,0.006,1,1,0.826363636,0.363701068,0.045918367,0.06295754,0.090116279,Carb,1,Vegetable
Split Pea Soup,0.4,0.128603104,0.28,0.264516129,0.006,1,1,0.64,0.340213523,0.091836735,0.032210835,0.24127907,Carb,1,Vegetable
Fish Tacos,0.368421053,0.228381375,0.230967742,0.690322581,0.064,1,1,0.352727273,0.363701068,0.099489796,0.158125915,0.072674419,Carb,1,Vegetable
Turkey Chili,0.578947368,0.205099778,0.304516129,0.54516129,0.027,1,1,0.696363636,0.520996441,0.130102041,0.083455344,0.156976744,Carb,1,Vegetable
Veggie Burger,0.157894737,0.137472284,0.140645161,0.325806452,0.045,1,1,0.283636364,0.288967972,0.089285714,0.058565154,0.162790698,Other,1,Vegetable
Chicken Salad,0.105263158,0.2172949,0.076129032,0.958064516,0.067,1,1,0.349090909,0.200711744,0.058673469,0.052708638,0.049418605,Protein,1,Vegetable
Tuna Salad,0.105263158,0.198447894,0.009032258,0.716129032,0.099,1,1,0.351818182,0.147330961,0.056122449,0.021961933,0.002906977,Protein,1,Vegetable
Greek Salad,0.157894737,0.213968958,0.067096774,0.190322581,0.182,1,1,0.426363636,0.108185053,0.043367347,0.222547584,0.058139535,Protein,1,Vegetable
Caprese Salad,0.157894737,0.17405765,0.059354839,0.25483871,0.124,1,1,0.231818182,0.151601423,0.056122449,0.345534407,0.031976744,Protein,1,Vegetable
Caesar Salad,0.157894737,0.203991131,0.052903226,0.251612903,0.162,1,1,0.375454545,0.147330961,0.043367347,0.285505124,0.037790698,Protein,1,Vegetable
Grilled Chicken,0,0.182926829,0,1,0.036,1,1,0.068181818,0.279715302,0.066326531,0.019033675,0,Protein,1,Vegetable
Salmon,0,0.228381375,0,0.716129032,0.134,1,1,0.057272727,0.270462633,0.081632653,0.020497804,0,Protein,1,Vegetable
Shrimp Stir-Fry,0.157894737,0.155210643,0.068387097,0.806451613,0.017,1,1,0.209090909,0.285409253,0.086734694,0.077598829,0.029069767,Protein,1,Vegetable
Roasted Turkey,0,0.149667406,0,0.935483871,0.01,1,1,0.053636364,0.23772242,0.06377551,0.019033675,0,Protein,1,Vegetable
Grilled Salmon,0,0.228381375,0,0.716129032,0.134,1,1,0.057272727,0.270462633,0.081632653,0.020497804,0,Protein,1,Vegetable
Baked Chicken,0,0.182926829,0,1,0.036,1,1,0.068181818,0.279715302,0.066326531,0.019033675,0,Protein,1,Vegetable
Steamed Vegetables,0.157894737,0.068736142,0.150967742,0.080645161,0.006,1,1,0.025454545,0.321708185,0.048469388,0.079062958,0.119186047,Other,1,Vegetable
Quinoa Salad,0.557894737,0.130820399,0.263225806,0.135483871,0.025,1,1,0.008181818,0.108185053,0.163265306,0.027818448,0.075581395,Carb,1,Vegetable
Cottage Cheese,0.105263158,0.10864745,0.043870968,0.358064516,0.043,1,1,0.330909091,0.065480427,0.022959184,0.121522694,0,Protein,1,Vegetable
Greek Yogurt,0.115789474,0.0654102,0.046451613,0.322580645,0.004,1,1,0.035454545,0.100355872,0.025510204,0.117130307,0,Protein,1,Vegetable
Almonds,0,0.641906874,0.278709677,0.683870968,0.499,1,1,0.000909091,0.501779359,0.68877551,0.386530015,0.363372093,Carb,1,Vegetable
Walnuts,0,0.725055432,0.176774194,0.490322581,0.652,1,1,0.001818182,0.313879004,0.403061224,0.143484627,0.194767442,Other,1,Vegetable
Peanuts,0.136842105,0.628603104,0.207741935,0.832258065,0.492,1,1,0.016363636,0.501779359,0.428571429,0.134699854,0.247093023,Carb,1,Vegetable
Chia Seeds,0.010526316,0.538802661,0.543225806,0.532258065,0.307,1,1,0.014545455,0.289679715,0.854591837,0.9238653,1,Carb,1,Vegetable
Flaxseeds,0.010526316,0.592017738,0.372903226,0.590322581,0.422,1,1,0.027272727,0.578647687,1,0.373352855,0.793604651,Carb,1,Vegetable
Oats,0.578947368,0.431263858,0.855483871,0.54516129,0.069,1,1,0.001818182,0.305338078,0.451530612,0.079062958,0.308139535,Carb,1,Vegetable
Brown Rice,0.526315789,0.410199557,1,0.25483871,0.029,1,1,0.006363636,0.101779359,0.364795918,0.020497804,0.101744186,Carb,1,Vegetable
Quinoa,0.557894737,0.407982262,0.828387097,0.45483871,0.06,1,1,0.006363636,0.400711744,0.50255102,0.045387994,0.171511628,Carb,1,Vegetable
Lentils,0.305263158,0.128603104,0.258064516,0.290322581,0.004,1,1,0.001818182,0.262633452,0.091836735,0.026354319,0.229651163,Carb,1,Vegetable
Kidney Beans,0.252631579,0.140798226,0.294193548,0.280645161,0.005,1,1,0.000909091,0.28683274,0.071428571,0.05124451,0.186046512,Carb,1,Vegetable
Chickpeas,0.294736842,0.181818182,0.348387097,0.287096774,0.026,1,1,0.021818182,0.207117438,0.12244898,0.071742313,0.220930233,Carb,1,Vegetable
Green Peas,0.505263158,0.089800443,0.187096774,0.161290323,0.004,1,1,0.001818182,0.113879004,0.06122449,0.036603221,0.119186047,Other,1,Vegetable
Broccoli,0.105263158,0.06097561,0.144516129,0.141935484,0.006,1,1,0.03,0.224911032,0.053571429,0.068814056,0.095930233,Vegetable,1,Vegetable
Spinach,0,0.025498891,0.046451613,0.093548387,0.004,1,1,0.071818182,0.397153025,0.201530612,0.144948755,0.063953488,Vegetable,1,Vegetable
Kale,0,0.054323725,0.113548387,0.138709677,0.006,1,1,0.034545455,0.349466192,0.079081633,0.219619327,0.104651163,Vegetable,1,Vegetable
Asparagus,0.157894737,0.022172949,0.047741935,0.070967742,0.002,1,1,0.001818182,0.143772242,0.035714286,0.035139092,0.061046512,Vegetable,1,Fruit
Zucchini,0.157894737,0.018847007,0.04,0.038709677,0.003,1,1,0.007272727,0.209964413,0.045918367,0.023426061,0.031976744,Other,1,Fruit
Cauliflower,0.157894737,0.027716186,0.068387097,0.061290323,0.003,1,1,0.027272727,0.212811388,0.038265306,0.032210835,0.058139535,Vegetable,1,Fruit
Artichokes,0.157894737,0.05210643,0.135483871,0.106451613,0.002,1,1,0.085454545,0.244128114,0.153061224,0.030746706,0.156976744,Vegetable,1,Fruit
Berries (mixed),0.421052632,0.04767184,0.123870968,0.029032258,0.004,1,1,0.000909091,0.05480427,0.015306122,0.023426061,0.066860465,Vegetable,1,Fruit
Apple,0.410526316,0.057649667,0.180645161,0.009677419,0.002,1,1,0.000909091,0.076156584,0.012755102,0.008784773,0.069767442,Vegetable,1,Fruit
Orange,0.421052632,0.068736142,0.198709677,0.038709677,0.002,1,1,0,0.168683274,0.035714286,0.0761347,0.090116279,Carb,1,Fruit
Grapes,0.557894737,0.076496674,0.232258065,0.022580645,0.002,1,1,0.001818182,0.13594306,0.017857143,0.019033675,0.026162791,Carb,1,Fruit
Watermelon,0.8,0.033259424,0.098064516,0.019354839,0.002,1,1,0.000909091,0.079715302,0.025510204,0.016105417,0.01744186,Other,1,Fruit
Pineapple,0.694736842,0.055432373,0.169032258,0.016129032,0.001,1,1,0.000909091,0.077580071,0.030612245,0.019033675,0.040697674,Other,1,Fruit
Strawberries,0.421052632,0.035476718,0.099354839,0.022580645,0.003,1,1,0.000909091,0.108896797,0.033163265,0.023426061,0.058139535,Vegetable,1,Fruit
Blueberries,0.557894737,0.063192905,0.187096774,0.022580645,0.003,1,1,0.000909091,0.05480427,0.015306122,0.008784773,0.069767442,Vegetable,1,Fruit
Avocado,0.105263158,0.177383592,0.109677419,0.064516129,0.147,1,1,0.006363636,0.34519573,0.073979592,0.017569546,0.194767442,Other,1,Fruit
Cucumber,0.157894737,0.017738359,0.046451613,0.019354839,0.002,1,1,0.001818182,0.054092527,0.017857143,0.023426061,0.014534884,Other,1,Fruit
Carrots,0.747368421,0.045454545,0.123870968,0.029032258,0.002,1,1,0.062727273,0.227758007,0.030612245,0.048316252,0.081395349,Vegetable,1,Fruit
Sweet Potato,0.736842105,0.099778271,0.270967742,0.064516129,0.002,1,1,0.037272727,0.239857651,0.068877551,0.043923865,0.095930233,Carb,1,Fruit
Quinoa Salad,0.557894737,0.130820399,0.263225806,0.135483871,0.025,1,1,0.008181818,0.108185053,0.163265306,0.027818448,0.075581395,Carb,1,Fruit
Eggplant,0.157894737,0.027716186,0.077419355,0.032258065,0.002,1,1,0.001818182,0.162989324,0.035714286,0.01317716,0.072674419,Vegetable,1,Fruit
Cabbage,0.105263158,0.027716186,0.077419355,0.032258065,0.001,1,1,0.008181818,0.120996441,0.030612245,0.058565154,0.063953488,Vegetable,1,Fruit
Radish,0.157894737,0.017738359,0.043870968,0.022580645,0.001,1,1,0.001818182,0.143772242,0.025510204,0.036603221,0.046511628,Other,1,Fruit
Mushrooms,0.105263158,0.024390244,0.042580645,0.1,0.003,1,1,0.004545455,0.22633452,0.022959184,0.002928258,0.029069767,Other,1,Fruit
Tomatoes,0.157894737,0.019955654,0.050322581,0.029032258,0.002,1,1,0.004545455,0.168683274,0.028061224,0.017569546,0.034883721,Other,1,Fruit
Celery,0.157894737,0.006651885,0.015483871,0.009677419,0.001,1,1,0.031818182,0.074021352,0.015306122,0.060029283,0.01744186,Other,1,Fruit
Lettuce,0.105263158,0.005543237,0.011612903,0.016129032,0.001,1,1,0.004545455,0.100355872,0.015306122,0.026354319,0.014534884,Other,1,Fruit
Onions,0.105263158,0.044345898,0.116129032,0.035483871,0.001,1,1,0.002727273,0.103914591,0.025510204,0.033674963,0.049418605,Other,1,Fruit
Garlic,0.315789474,0.16518847,0.427096774,0.206451613,0.005,1,1,0.015454545,0.285409253,0.06377551,0.265007321,0.061046512,Carb,1,Fruit
Ginger,0.157894737,0.088691796,0.229677419,0.058064516,0.008,1,1,0.011818182,0.295373665,0.109693878,0.023426061,0.031976744,Carb,1,Fruit
Cauliflower Rice,0.157894737,0.027716186,0.068387097,0.061290323,0.003,1,1,0.027272727,0.212811388,0.038265306,0.032210835,0.058139535,Vegetable,1,Fruit
Coconut Milk,0.431578947,0.611973392,0.08516129,0.177419355,0.572,1,1,0.013636364,0.187188612,0.066326531,0.020497804,0.014534884,Protein,1,Fruit
Almond Milk,0.263157895,0.043237251,0.019354839,0.032258065,0.03,1,1,0.169090909,0.120996441,0.022959184,0.165446559,0.01744186,Other,1,Fruit
Soy Milk,0.263157895,0.059866962,0.050322581,0.106451613,0.027,1,1,0.039090909,0.083985765,0.079081633,0.174231332,0.011627907,Other,1,Fruit
Greek Yogurt,0.115789474,0.0654102,0.046451613,0.322580645,0.004,1,1,0.034545455,0.100355872,0.017857143,0.172767204,0,Protein,1,Fruit
Chia Seeds,0.010526316,0.152993348,0.158709677,0.151612903,0.088,1,1,0.014545455,0.113879004,0.196428571,0.9238653,0.308139535,Other,1,Fruit
Flaxseeds,0.526315789,0.592017738,0.372903226,0.590322581,0.422,1,1,0.027272727,0.578647687,1,0.373352855,0.793604651,Carb,1,Fruit
Oats,0.578947368,0.431263858,0.851612903,0.548387097,0.069,1,1,0.001818182,0.305338078,0.451530612,0.079062958,0.308139535,Carb,1,Fruit
Brown Rice,0.526315789,0.239467849,0.590967742,0.14516129,0.016,1,1,0.001818182,0.061209964,0.109693878,0.014641288,0.101744186,Carb,1,Fruit
Quinoa,0.557894737,0.133037694,0.27483871,0.141935484,0.019,1,1,0.004545455,0.122419929,0.163265306,0.02489019,0.081395349,Carb,1,Protein
Lentils,0.336842105,0.39135255,0.818064516,0.793548387,0.011,1,1,0.001818182,0.679715302,0.091836735,0.054172767,0.311046512,Carb,1,Protein
Black Beans,0.315789474,0.37804878,0.80516129,0.696774194,0.012,1,1,0.001818182,0.854092527,0.306122449,0.308931186,0.48255814,Carb,1,Protein
Chickpeas,0.294736842,0.403547672,0.79483871,0.612903226,0.0604,1,1,0.021818182,0.622775801,0.201530612,0.065885798,0.505813953,Carb,1,Protein
Salmon,0,0.228381375,0,0.709677419,0.13,1,1,0.042727273,0.446975089,0.081632653,0.019033675,0,Protein,1,Protein
Tuna,0,0.128603104,0,0.838709677,0.01,1,1,0.031818182,0.237010676,0.056122449,0.005856515,0,Protein,1,Protein
Chicken Breast,0,0.182926829,0,1,0.036,1,1,0.067272727,0.23772242,0.073979592,0.016105417,0,Protein,1,Protein
Turkey Breast,0,0.178492239,0,0.987096774,0.032,1,1,0.06,0.22633452,0.066326531,0.021961933,0,Protein,1,Protein
Lean Beef,0,0.277161863,0,0.838709677,0.17,1,1,0.049090909,0.270462633,0.053571429,0.014641288,0,Protein,1,Protein
Egg Whites,0,0.057649667,0.009032258,0.35483871,0.002,1,1,0.150909091,0.104626335,0.015306122,0.040995608,0,Protein,1,Protein
Almonds,0,0.641906874,0.28,0.683870968,0.499,1,1,0.000909091,0.501779359,0.683673469,0.393850659,0.363372093,Carb,1,Protein
Walnuts,0.157894737,0.725055432,0.176774194,0.490322581,0.652,1,1,0.001818182,0.313879004,0.403061224,0.143484627,0.194767442,Other,1,Protein
Peanuts,0.136842105,0.628603104,0.207741935,0.832258065,0.492,1,1,0.016363636,0.501779359,0.428571429,0.134699854,0.247093023,Carb,1,Protein
Cashews,0.284210526,0.61308204,0.389677419,0.587096774,0.439,1,1,0.010909091,0.46975089,0.744897959,0.054172767,0.095930233,Carb,1,Protein
Olive Oil,0,0.980044346,0,0,1,1,1,0.001818182,0.000711744,0.00255102,0.001464129,0,Other,1,Protein
Coconut Oil,0,0.955654102,0,0,1,1,1,0,0,0,0,0,Other,1,Protein
Avocado,0,0.177383592,0.109677419,0.064516129,0.147,1,1,0.006363636,0.34519573,0.073979592,0.017569546,0.194767442,Other,1,Protein
Blueberries,0.557894737,0.063192905,0.180645161,0.022580645,0.003,1,1,0.000909091,0.05480427,0.022959184,0.008784773,0.069767442,Vegetable,1,Protein
Strawberries,0.421052632,0.032150776,0.090322581,0.022580645,0.003,1,1,0.000909091,0.108896797,0.033163265,0.023426061,0.058139535,Vegetable,1,Protein
Raspberries,0.336842105,0.057649667,0.15483871,0.038709677,0.007,1,1,0.000909091,0.10747331,0.068877551,0.036603221,0.188953488,Vegetable,1,Protein
Apples,0.410526316,0.057649667,0.180645161,0.009677419,0.002,1,1,0,0.076156584,0.022959184,0.008784773,0.069767442,Vegetable,1,Protein
Oranges,0.421052632,0.04767184,0.116129032,0.029032258,0.001,1,1,0,0.128825623,0.025510204,0.058565154,0.066860465,Vegetable,1,Protein
Grapes,0.621052632,0.076496674,0.232258065,0.022580645,0.002,1,1,0.001818182,0.13594306,0.015306122,0.016105417,0.026162791,Carb,1,Protein
Watermelon,0.757894737,0.033259424,0.103225806,0.019354839,0.002,1,1,0.000909091,0.079715302,0.025510204,0.011713031,0.01744186,Other,1,Protein
Pineapple,0.694736842,0.055432373,0.167741935,0.016129032,0.001,1,1,0.000909091,0.077580071,0.030612245,0.019033675,0.040697674,Other,1,Protein
Kiwi,0.557894737,0.067627494,0.193548387,0.035483871,0.005,1,1,0.001818182,0.222064057,0.043367347,0.049780381,0.087209302,Carb,1,Protein
Cottage Cheese,0.105263158,0.10864745,0.033548387,0.358064516,0.043,1,1,0.330909091,0.074021352,0.025510204,0.121522694,0,Protein,1,Protein
Greek Salad,0.147368421,0.247228381,0.131612903,0.24516129,0.172,1,1,0.317272727,0.246263345,0.073979592,0.172767204,0.063953488,Other,1,Protein
Quinoa Salad,0.557894737,0.241685144,0.454193548,0.248387097,0.064,1,1,0.174545455,0.22633452,0.163265306,0.065885798,0.119186047,Carb,1,Protein
Lentil Soup,0.463157895,0.128603104,0.272258065,0.25483871,0.006,1,1,0.495454545,0.261921708,0.091836735,0.035139092,0.226744186,Carb,1,Protein
Chicken Salad,0,0.2172949,0.014193548,0.722580645,0.12,1,1,0.209090909,0.177935943,0.051020408,0.032210835,0.011627907,Protein,1,Protein
Fish Tacos,0.736842105,0.263858093,0.254193548,0.429032258,0.114,1,1,0.220909091,0.221352313,0.089285714,0.086383602,0.069767442,Carb,1,Protein
Zucchini Noodles,0.157894737,0.036585366,0.08516129,0.077419355,0.003,1,1,0.007272727,0.25480427,0.094387755,0.023426061,0.034883721,Other,1,Protein
Eggplant Parmesan,0.526315789,0.199556541,0.129032258,0.193548387,0.14,1,1,0.340909091,0.14519573,0.056122449,0.134699854,0.145348837,Other,1,Protein
Spinach Salad,0,0.025498891,0.046451613,0.093548387,0.004,1,1,0.071818182,0.11886121,0.051020408,0.043923865,0.063953488,Vegetable,1,Protein
Stir-Fried Tofu,0.157894737,0.159645233,0.078709677,0.441935484,0.086,1,1,0.009090909,0.146619217,0.132653061,0.298682284,0.043604651,Protein,1,Protein
Steamed Broccoli,0.157894737,0.06097561,0.144516129,0.119354839,0.006,1,1,0.03,0.325266904,0.053571429,0.068814056,0.095930233,Vegetable,1,Protein
Cottage Cheese,0.105263158,0.10864745,0.033548387,0.358064516,0.043,1,1,0.330909091,0.074021352,0.017857143,0.121522694,0,Protein,1,Protein
Mozzarella Cheese,0,0.310421286,0.028387097,0.774193548,0.2,1,1,0.57,0.041281139,0.056122449,0.739385066,0,Protein,1,Protein
Eggplant,0.157894737,0.027716186,0.077419355,0.032258065,0,1,1,0.001818182,0.162989324,0.035714286,0.01317716,0.087209302,Vegetable,1,Protein
Zucchini,0.157894737,0.018847007,0.04,0.038709677,0.003,1,1,0.001818182,0.199288256,0.045918367,0.023426061,0.029069767,Other,1,Protein
Bell Peppers,0.157894737,0.034368071,0.081290323,0.029032258,0.003,1,1,0.000909091,0.12455516,0.022959184,0.014641288,0.072674419,Vegetable,1,Protein
Broccoli,0.157894737,0.06097561,0.144516129,0.141935484,0.006,1,1,0.03,0.224911032,0.053571429,0.068814056,0.095930233,Vegetable,1,Protein
Spinach,0.157894737,0.025498891,0.046451613,0.093548387,0.004,1,1,0.071818182,0.11886121,0.201530612,0.144948755,0.063953488,Vegetable,1,Protein
Kale,0.157894737,0.054323725,0.116129032,0.138709677,0.009,1,1,0.034545455,0.234875445,0.06122449,0.219619327,0.104651163,Vegetable,1,Protein
Cauliflower,0.157894737,0.027716186,0.068387097,0.064516129,0.003,1,1,0.027272727,0.227758007,0.038265306,0.032210835,0.058139535,Vegetable,1,Protein
Asparagus,0.157894737,0.022172949,0.047741935,0.070967742,0.002,1,1,0.001818182,0.143772242,0.035714286,0.035139092,0.063953488,Vegetable,1,Protein
Brussels Sprouts,0.157894737,0.04767184,0.116129032,0.109677419,0.003,1,1,0.022727273,0.24341637,0.043367347,0.052708638,0.110465116,Vegetable,1,Protein
Cabbage,0.157894737,0.027716186,0.077419355,0.041935484,0.001,1,1,0.016363636,0.120996441,0.025510204,0.049780381,0.072674419,Vegetable,1,Protein
Celery,0.157894737,0.006651885,0.015483871,0.009677419,0.001,1,1,0.031818182,0.185053381,0.028061224,0.058565154,0.046511628,Other,1,Protein
Lettuce,0.157894737,0.005543237,0.015483871,0.016129032,0.001,1,1,0.004545455,0.138078292,0.017857143,0.052708638,0.014534884,Other,1,Protein
Quinoa,0.557894737,0.133037694,0.27483871,0.141935484,0.019,1,1,0.006363636,0.122419929,0.163265306,0.02489019,0.081395349,Carb,1,Protein
Brown Rice,0.526315789,0.239467849,0.578064516,0.14516129,0.018,1,1,0.004545455,0.030604982,0.12244898,0.029282577,0.101744186,Carb,1,Protein
Oats,0.578947368,0.431263858,0.855483871,0.54516129,0.069,1,1,0.001818182,0.305338078,0.352040816,0.079062958,0.308139535,Carb,1,Protein
Whole Wheat Bread,0.726315789,0.27383592,0.632258065,0.322580645,0.025,1,1,0.383636364,0.109608541,0.155612245,0.122986823,0.183139535,Carb,1,Protein
Barley,0.294736842,0.392461197,0.948387097,0.403225806,0.023,1,1,0.007272727,0.321708185,0.403061224,0.048316252,0.502906977,Carb,1,Protein
Lentils,0.336842105,0.254988914,0.51483871,0.577419355,0.008,1,1,0.001818182,0.520284698,0.091836735,0.027818448,0.453488372,Carb,1,Protein
Chickpeas,0.442105263,0.403547672,0.793548387,0.612903226,0.06,1,1,0.021818182,0.622775801,0.201530612,0.071742313,0.505813953,Carb,1,Protein
Kidney Beans,0.252631579,0.369179601,0.775483871,0.764516129,0.008,1,1,0.001818182,1,0.178571429,0.05124451,0.723837209,Carb,1,Protein
Black Beans,0.315789474,0.375831486,0.80516129,0.677419355,0.014,1,1,0.000909091,0.889679715,0.306122449,0.067349927,0.436046512,Carb,1,Protein
Walnuts,0.157894737,0.725055432,0.176774194,0.490322581,0.652,1,1,0.001818182,0.313879004,0.403061224,0.143484627,0.194767442,Other,1,Protein
Almonds,0,0.637472284,0.258064516,0.677419355,0.499,1,1,0.000909091,0.550177936,0.178571429,0.386530015,0.354651163,Carb,1,Protein
Cashews,0.263157895,0.61308204,0.389677419,0.587096774,0.439,1,1,0.010909091,0.402135231,0.744897959,0.054172767,0.095930233,Carb,1,Protein
Peanuts,0.136842105,0.628603104,0.207741935,0.832258065,0.492,1,1,0.016363636,0.501779359,0.428571429,0.134699854,0.247093023,Carb,1,Protein
Flaxseeds,0,0.592017738,0.372903226,0.590322581,0.422,1,1,0.027272727,0.578647687,1,0.373352855,0.793604651,Carb,1,Protein
Chia Seeds,0.010526316,0.538802661,0.543225806,0.532258065,0.307,1,1,0.014545455,0.289679715,0.854591837,0.9238653,1,Carb,1,Protein
Greek Yogurt,0.115789474,0.0654102,0.046451613,0.322580645,0,1,1,0.032727273,0.100355872,0.030612245,0.174231332,0,Protein,1,Protein
Salmon,0,0.228381375,0,0.709677419,0.134,1,1,0.053636364,0.446975089,0.073979592,0.017569546,0,Protein,1,Protein
Tuna,0,0.128603104,0,0.838709677,0.008,1,1,0.031818182,0.246263345,0.056122449,0.01317716,0,Protein,1,Protein
Chicken Breast,0,0.182926829,0,1,0.036,1,1,0.057272727,0.176512456,0.081632653,0.016105417,0,Protein,1,Protein
Lean Beef,0,0.277161863,0,0.838709677,0.17,1,1,0.05,0.279715302,0.056122449,0.016105417,0,Protein,1,Protein
Turkey Breast,0,0.162971175,0,0.903225806,0.017,1,1,0.036363636,0.268327402,0.071428571,0.016105417,0,Protein,1,Protein
Shrimp,0,0.094235033,0,0.64516129,0.009,1,1,0.108181818,0.170106762,0.040816327,0.081991215,0,Protein,1,Protein
Soy Milk,0.357894737,0.059866962,0.041290323,0.106451613,0.03,1,1,0.042727273,0.083985765,0.035714286,0.136163982,0.034883721,Other,1,Protein
Almond Milk,0.263157895,0.043237251,0.019354839,0.032258065,0.03,1,1,0.065454545,0.045551601,0.022959184,0.267935578,0.014534884,Other,1,Protein
Coconut Milk,0.431578947,0.254988914,0.070967742,0.074193548,0.238,1,1,0.013636364,0.187188612,0.081632653,0.020497804,0.063953488,Other,1,Protein
Avocado,0.157894737,0.177383592,0.116129032,0.064516129,0.147,1,1,0.006363636,0.34519573,0.073979592,0.017569546,0.203488372,Other,1,Protein
Olive Oil,0,0.131929047,0,0,0.135,1,1,0,0,0,0,0,Other,1,Protein
Flaxseed Oil,0,0.133037694,0,0,0.136,1,1,0,0,0,0,0,Other,1,Protein
Avocado Oil,0,0.133037694,0,0,0.136,1,1,0,0,0,0,0,Other,1,Protein
Chia Seed Oil,0,0.133037694,0,0,0.136,1,1,0,0,0,0,0,Other,1,Protein
Salmon Oil,0,1,0,0,1,1,1,0,0,0,0,0,Other,1,Protein
Apple,0.410526316,0.057649667,0.180645161,0.009677419,0.002,1,1,0.000909091,0.076156584,0.012755102,0.008784773,0.069767442,Vegetable,1,Protein
Pear,0.4,0.063192905,0.197419355,0.012903226,0.001,1,1,0.000909091,0.082562278,0.017857143,0.01317716,0.090116279,Carb,1,Protein
Orange,0.421052632,0.068736142,0.198709677,0.038709677,0.002,1,1,0,0.128825623,0.025510204,0.06295754,0.090116279,Carb,1,Protein
Blueberries,0.557894737,0.063192905,0.180645161,0.022580645,0.003,1,1,0.000909091,0.05480427,0.022959184,0.008784773,0.069767442,Vegetable,1,Protein
Strawberries,0.421052632,0.032150776,0.090322581,0.022580645,0.003,1,1,0.000909091,0.108896797,0.033163265,0.023426061,0.058139535,Vegetable,1,Protein
Raspberries,0.336842105,0.058758315,0.15483871,0.038709677,0.007,1,1,0.000909091,0.10747331,0.056122449,0.039531479,0.188953488,Vegetable,1,Protein
Watermelon,0.757894737,0.033259424,0.098064516,0.019354839,0.002,1,1,0.000909091,0.079715302,0.025510204,0.011713031,0.011627907,Other,1,Protein
Pineapple,0.621052632,0.055432373,0.167741935,0.016129032,0.001,1,1,0.000909091,0.077580071,0.030612245,0.019033675,0.040697674,Other,1,Protein
Kiwi,0.557894737,0.067627494,0.189677419,0.035483871,0.005,1,1,0.002727273,0.168683274,0.043367347,0.049780381,0.087209302,Other,1,Protein
Cucumber,0.157894737,0.017738359,0.046451613,0.022580645,0.002,1,1,0.001818182,0.104626335,0.025510204,0.023426061,0.014534884,Other,1,Protein
Celery,0.157894737,0.017738359,0.04516129,0.022580645,0.002,1,1,0.072727273,0.185053381,0.028061224,0.058565154,0.046511628,Other,1,Protein
Lettuce,0,0.005543237,0.012903226,0.016129032,0,1,1,0.025454545,0.138078292,0.010204082,0.026354319,0.014534884,Other,1,Protein
Spinach,0,0.025498891,0.046451613,0.093548387,0.004,1,1,0.071818182,0.397153025,0.201530612,0.144948755,0.063953488,Vegetable,1,Protein
Kale,0,0.054323725,0.116129032,0.138709677,0.009,1,1,0.034545455,0.234875445,0.084183673,0.219619327,0.104651163,Vegetable,1,Protein
Broccoli,0.157894737,0.06097561,0.144516129,0.119354839,0.006,1,1,0.03,0.224911032,0.053571429,0.068814056,0.095930233,Vegetable,1,Protein
Cauliflower,0.157894737,0.027716186,0.068387097,0.064516129,0.003,1,1,0.027272727,0.227758007,0.038265306,0.032210835,0.058139535,Vegetable,1,Protein
Carrots,0.431578947,0.045454545,0.129032258,0.029032258,0.002,1,1,0.062727273,0.227758007,0.030612245,0.048316252,0.081395349,Vegetable,1,Protein
Green Beans,0.157894737,0.034368071,0.091612903,0.058064516,0.002,1,1,0.005454545,0.148754448,0.06377551,0.054172767,0.098837209,Vegetable,1,Protein
Tomato,0.4,0.019955654,0.050322581,0.029032258,0.002,1,1,0.004545455,0.168683274,0.028061224,0.014641288,0.034883721,Other,1,Protein
Tofu,0.157894737,0.159645233,0.030967742,0.506451613,0.08,1,1,0.009090909,0.106761566,0.094387755,1,0.031976744,Protein,1,Protein
Quorn,0,0.11751663,0.058064516,0.451612903,0.02,1,1,0.008181818,0.308185053,0.145408163,0.01317716,0.081395349,Protein,1,Protein
Turkey Breast,0,0.209534368,0,0.870967742,0.082,1,1,0.059090909,0.241281139,0.073979592,0.019033675,0,Protein,1,Other
Lean Beef,0,0.277161863,0,0.838709677,0.17,1,1,0.049090909,0.279003559,0.056122449,0.010248902,0,Protein,1,Other
Lamb,0,0.286031042,0,0.806451613,0.17,1,1,0.051818182,0.212811388,0.058673469,0.020497804,0,Protein,1,Other
Pork Tenderloin,0,0.158536585,0,0.967741935,0.03,1,1,0.045454545,0.311032028,0.089285714,0.01317716,0,Protein,1,Other
Oats,0.578947368,0.431263858,0.851612903,0.54516129,0.069,1,1,0.001818182,0.305338078,0.451530612,0.079062958,0.308139535,Carb,1,Other
Brown Bread,0.894736842,0.27383592,0.619354839,0.303225806,0.018,1,1,0.346363636,0.088967972,0.073979592,0.117130307,0.194767442,Carb,1,Other
Whole Wheat Pasta,0.389473684,0.137472284,0.331612903,0.14516129,0.008,1,1,0.002727273,0.083985765,0.094387755,0.020497804,0.122093023,Carb,1,Other
Quinoa Pasta,0.557894737,0.134146341,0.27483871,0.135483871,0.022,1,1,0.002727273,0.084697509,0.096938776,0.021961933,0.098837209,Carb,1,Other
Cauliflower Rice,0.157894737,0.027716186,0.068387097,0.064516129,0.003,1,1,0.027272727,0.227758007,0.038265306,0.032210835,0.058139535,Vegetable,1,Other
Zucchini Noodles,0.157894737,0.018847007,0.04,0.038709677,0.002,1,1,0.001818182,0.185765125,0.053571429,0.023426061,0.029069767,Other,1,Other
Cabbage,0.105263158,0.027716186,0.07483871,0.041935484,0.001,1,1,0.016363636,0.120996441,0.030612245,0.058565154,0.063953488,Vegetable,1,Other
Seaweed,0.368421053,0.04767184,0.123870968,0.074193548,0.006,1,1,0.62,0.165836299,0.153061224,0.245973646,0.014534884,Other,1,Other
Miso Soup,0.368421053,0.039911308,0.07483871,0.064516129,0.006,1,1,0.545454545,0.136654804,0.084183673,0.021961933,0.026162791,Other,1,Other
Green Tea,0,0,0,0,0,1,1,0.000909091,0.00569395,0.00255102,0.002928258,0,Other,1,Other
Watermelon,0.757894737,0.033259424,0.098064516,0.019354839,0.002,1,1,0.000909091,0.079715302,0.025510204,0.011713031,0.011627907,Other,1,Other
Berries (mixed),0.421052632,0.04767184,0.136774194,0.022580645,0.004,1,1,0.000909091,0.05480427,0.015306122,0.023426061,0.075581395,Vegetable,1,Other
Quorn,0,0.11751663,0.058064516,0.451612903,0.02,1,1,0.008181818,0.308185053,0.145408163,0.01317716,0.081395349,Protein,1,Other
Turkey Breast,0,0.209534368,0,0.870967742,0.082,1,1,0.059090909,0.241281139,0.073979592,0.019033675,0,Protein,1,Other
Lean Beef,0,0.277161863,0,0.838709677,0.17,1,1,0.049090909,0.279003559,0.056122449,0.010248902,0,Protein,1,Other
Lamb,0,0.286031042,0,0.806451613,0.17,1,1,0.051818182,0.212811388,0.058673469,0.020497804,0,Protein,1,Other
Pork Tenderloin,0,0.158536585,0,0.967741935,0.03,1,1,0.045454545,0.311032028,0.089285714,0.01317716,0,Protein,1,Other
Oats,0.578947368,0.431263858,0.851612903,0.54516129,0.069,1,1,0.001818182,0.305338078,0.451530612,0.079062958,0.308139535,Carb,1,Other
Brown Bread,0.894736842,0.27383592,0.619354839,0.303225806,0.018,1,1,0.346363636,0.088967972,0.073979592,0.117130307,0.194767442,Carb,1,Other
Whole Wheat Pasta,0.389473684,0.137472284,0.331612903,0.14516129,0.008,1,1,0.002727273,0.083985765,0.094387755,0.020497804,0.122093023,Carb,1,Other
Quinoa Pasta,0.557894737,0.134146341,0.27483871,0.135483871,0.022,1,1,0.002727273,0.084697509,0.096938776,0.021961933,0.098837209,Carb,1,Other
Cauliflower Rice,0.157894737,0.027716186,0.068387097,0.064516129,0.003,1,1,0.027272727,0.227758007,0.038265306,0.032210835,0.058139535,Vegetable,1,Other
Zucchini Noodles,0.157894737,0.018847007,0.04,0.038709677,0.002,1,1,0.001818182,0.185765125,0.053571429,0.023426061,0.029069767,Other,1,Other
Seaweed,0.368421053,0.04767184,0.123870968,0.074193548,0.006,1,1,0.62,0.165836299,0.153061224,0.245973646,0.014534884,Other,1,Other
Miso Soup,0.368421053,0.039911308,0.07483871,0.064516129,0.006,1,1,0.545454545,0.136654804,0.084183673,0.021961933,0.026162791,Other,1,Other
Green Tea,0,0,0,0,0,1,1,0.000909091,0.00569395,0.00255102,0.002928258,0,Other,1,Other
Watermelon,0.757894737,0.033259424,0.098064516,0.019354839,0.002,1,1,0.000909091,0.079715302,0.025510204,0.011713031,0.011627907,Other,1,Other
Berries (mixed),0.421052632,0.04767184,0.136774194,0.022580645,0.004,1,1,0.000909091,0.05480427,0.015306122,0.023426061,0.075581395,Vegetable,1,Other
Grapes,0.621052632,0.076496674,0.232258065,0.022580645,0.002,1,1,0.001818182,0.13594306,0.028061224,0.014641288,0.026162791,Carb,1,Other
Oranges,0.473684211,0.04767184,0.141935484,0.029032258,0.001,1,1,0,0.128825623,0.025510204,0.06295754,0.066860465,Vegetable,1,Other
Apples,0.410526316,0.057649667,0.180645161,0.009677419,0.002,1,1,0,0.076156584,0.012755102,0.008784773,0.069767442,Vegetable,1,Other
Pears,0.4,0.063192905,0.193548387,0.012903226,0.001,1,1,0.000909091,0.082562278,0.022959184,0.016105417,0.090116279,Carb,1,Other
Avocado,0.157894737,0.177383592,0.116129032,0.064516129,0.15,1,1,0.006363636,0.34519573,0.073979592,0.020497804,0.203488372,Other,1,Other
Coconut,0.473684211,0.392461197,0.193548387,0.106451613,0.335,1,1,0.018181818,0.253380783,0.081632653,0.020497804,0.261627907,Carb,1,Other
Olive Oil,0,0.131929047,0,0,0.135,1,1,0,0,0,0,0,Other,1,Other
Almond Butter,0,0.680709534,0.24516129,0.64516129,0.55,1,1,0,0.533096085,0.772959184,0.39238653,0.337209302,Carb,1,Other
Greek Yogurt,0.115789474,0.0654102,0.046451613,0.322580645,0.004,1,1,0.032727273,0.100355872,0.030612245,0.17715959,0,Protein,1,Other
Quorn,0,0.11751663,0.058064516,0.451612903,0.02,1,1,0.008181818,0.308185053,0.145408163,0.01317716,0.081395349,Protein,1,Other
Turkey Breast,0,0.209534368,0,0.870967742,0.082,1,1,0.059090909,0.241281139,0.073979592,0.019033675,0,Protein,1,Other
Lean Beef,0,0.277161863,0,0.838709677,0.17,1,1,0.049090909,0.279003559,0.056122449,0.010248902,0,Protein,1,Other
Lamb,0,0.286031042,0,0.806451613,0.17,1,1,0.051818182,0.212811388,0.058673469,0.020497804,0,Protein,1,Other
Pork Tenderloin,0,0.158536585,0,0.967741935,0.03,1,1,0.045454545,0.311032028,0.089285714,0.01317716,0,Protein,1,Other
Oats,0.578947368,0.431263858,0.851612903,0.54516129,0.069,1,1,0.001818182,0.305338078,0.451530612,0.079062958,0.308139535,Carb,1,Other
Brown Bread,0.894736842,0.27383592,0.619354839,0.303225806,0.018,1,1,0.346363636,0.088967972,0.073979592,0.117130307,0.194767442,Carb,1,Other
Whole Wheat Pasta,0.389473684,0.137472284,0.331612903,0.14516129,0.008,1,1,0.002727273,0.083985765,0.094387755,0.020497804,0.122093023,Carb,1,Other
Quinoa Pasta,0.557894737,0.134146341,0.27483871,0.135483871,0.022,1,1,0.002727273,0.084697509,0.096938776,0.021961933,0.098837209,Carb,1,Other
Chapati,0.652631579,0.075388027,0.180645161,0.064516129,0.01,1,1,0.002727273,0.044839858,0.073979592,0.020497804,0.063953488,Other,1,Other
Rice,0.768421053,0.144124169,0.374193548,0.087096774,0.003,1,1,0.000909091,0.030604982,0.017857143,0.014641288,0.011627907,Carb,1,Other
Dal,0.105263158,0.129711752,0.258064516,0.225806452,0.006,1,1,0.007272727,0.334519573,0.076530612,0.058565154,0.23255814,Carb,1,Other
Paneer,0,0.293791574,0.038709677,0.580645161,0.21,1,1,0.125454545,0.04341637,0.056122449,0.755490483,0,Protein,1,Other
Chicken Curry,0,0.205099778,0.129032258,0.64516129,0.07,1,1,0.527272727,0.217081851,0.091836735,0.040995608,0.058139535,Other,1,Other
Fish Curry,0,0.15631929,0.025806452,0.580645161,0.07,1,1,0.539090909,0.310320285,0.099489796,0.033674963,0,Protein,1,Other
Vegetable Biryani,0.484210526,0.358093126,0.748387097,0.222580645,0.074,1,1,0.22,0.123843416,0.058673469,0.095168375,0.122093023,Carb,1,Other
Samosa,0.894736842,0.290465632,0.412903226,0.193548387,0.12,0,0,0.363636364,0.122419929,0.056122449,0.036603221,0.058139535,Carb,0,Other
Dosa,0.631578947,0.147450111,0.219354839,0.083870968,0.05,1,1,0.070909091,0.11886121,0.071428571,0.039531479,0.040697674,Carb,1,Other
Idli,0.894736842,0.043237251,0.103225806,0.064516129,0.004,1,1,0.025454545,0.048398577,0.017857143,0.021961933,0.029069767,Other,1,Other
Pakora,0.789473684,0.254988914,0.270967742,0.258064516,0.14,0,0,0.33,0.152313167,0.035714286,0.064421669,0.043604651,Carb,0,Other
Mutton Curry,0,0.277161863,0.064516129,0.838709677,0.15,1,1,0.556363636,0.311743772,0.094387755,0.046852123,0,Protein,1,Other
Butter Chicken,0,0.399113082,0.129032258,0.774193548,0.25,1,1,0.745454545,0.227758007,0.076530612,0.073206442,0.058139535,Other,1,Other
Palak Paneer,0,0.243902439,0.129032258,0.387096774,0.16,1,1,0.336363636,0.234875445,0.178571429,0.571010249,0.087209302,Other,1,Other
Chicken Biryani,0.526315789,0.421286031,0.580645161,0.580645161,0.12,1,1,0.727272727,0.15658363,0.102040816,0.058565154,0.058139535,Carb,1,Other
Aloo Gobi,0.894736842,0.177383592,0.258064516,0.129032258,0.08,1,1,0.418181818,0.370106762,0.102040816,0.153733529,0.11627907,Carb,1,Other
Chana Masala,0.442105263,0.232815965,0.451612903,0.322580645,0.04,1,1,0.4,0.384341637,0.153061224,0.102489019,0.23255814,Carb,1,Other
Baingan Bharta,0.263157895,0.177383592,0.232258065,0.064516129,0.09,1,1,0.327272727,0.327402135,0.06377551,0.036603221,0.203488372,Carb,1,Other
Rajma Chawal,0.578947368,0.354767184,0.709677419,0.387096774,0.05,1,1,0.409090909,0.398576512,0.102040816,0.102489019,0.319767442,Carb,1,Other
Pani Puri,0.894736842,0.088691796,0.193548387,0.064516129,0.01,0,0,0.227272727,0.085409253,0.025510204,0.029282577,0.058139535,Carb,0,Other
Samosa Chaat,0.894736842,0.354767184,0.580645161,0.258064516,0.14,0,0,0.436363636,0.163701068,0.076530612,0.073206442,0.087209302,Carb,0,Other
Mango Lassi,0.431578947,0.199556541,0.387096774,0.161290323,0.05,1,1,0.036363636,0.199288256,0.051020408,0.292825769,0,Carb,1,Other
Gulab Jamun,0.684210526,0.166297118,0.258064516,0.064516129,0.07,0,0,0.009090909,0.014234875,0.012755102,0.029282577,0.029069767,Carb,0,Other
Masoor Dal,0.263157895,0.390243902,0.812903226,0.774193548,0.01,1,1,0.005454545,0.855516014,0.091836735,0.027818448,0.203488372,Carb,1,Other
Aloo Paratha,1,0.329268293,0.593548387,0.258064516,0.09,0,1,0.483636364,0.229181495,0.102040816,0.13909224,0.145348837,Carb,0,Other
Tandoori Roti,0,0.11751663,0.258064516,0.096774194,0.01,1,1,0.200909091,0.059074733,0.051020408,0.019033675,0.058139535,Carb,1,Other
Chicken Korma,0,0.299334812,0.064516129,0.935483871,0.15,1,1,0.490909091,0.233451957,0.086734694,0.099560761,0.029069767,Protein,1,Other
Pulao,0.684210526,0.352549889,0.722580645,0.225806452,0.07,1,1,0.537272727,0.101067616,0.084183673,0.073206442,0.058139535,Carb,1,Other
Gajar Halwa,0.894736842,0.293791574,0.490322581,0.096774194,0.12,1,1,0.127272727,0.227758007,0.051020408,0.263543192,0.11627907,Carb,1,Other
Malai Kofta,0.894736842,0.388026608,0.193548387,0.225806452,0.29,0,1,0.709090909,0.327402135,0.140306122,0.27818448,0.058139535,Carb,0,Other
Chicken Biryani,0.526315789,0.421286031,0.580645161,0.580645161,0.12,1,1,0.727272727,0.15658363,0.102040816,0.058565154,0.058139535,Carb,1,Other
Mango Pickle,0.421052632,0.133037694,0.348387097,0.032258065,0,0,0,1,0.085409253,0.035714286,0.039531479,0.087209302,Carb,0,Other
Pav Bhaji,0.684210526,0.329268293,0.593548387,0.225806452,0.11,1,1,0.531818182,0.185053381,0.114795918,0.080527086,0.23255814,Carb,1,Other
Coconut Chutney,0.368421053,0.099778271,0.064516129,0.032258065,0.08,1,1,0.08,0.078291815,0.022959184,0.019033675,0.029069767,Other,1,Carb
Rasgulla,0.905263158,0.206208426,0.567741935,0.096774194,0,0,0,0.032727273,0.021352313,0.005102041,0.118594436,0,Carb,0,Carb
Matar Paneer,0,0.315964523,0.180645161,0.290322581,0.21,1,1,0.345454545,0.284697509,0.071428571,0.395314788,0.087209302,Other,1,Carb
Puri,0.894736842,0.088691796,0.167741935,0.064516129,0.03,0,0,0.045454545,0.028469751,0.020408163,0.011713031,0.029069767,Other,0,Carb
Chole Bhature,0.821052632,0.498891353,0.709677419,0.322580645,0.22,0,0,0.736363636,0.377224199,0.153061224,0.146412884,0.23255814,Carb,0,Carb
Bhindi Masala,0.210526316,0.133037694,0.116129032,0.064516129,0.09,1,1,0.3,0.298932384,0.114795918,0.073206442,0.087209302,Other,1,Carb
Mango Chutney,0.578947368,0.044345898,0.129032258,0,0,1,1,0.090909091,0.021352313,0.005102041,0.007320644,0,Other,1,Carb
Mutton Biryani,0.526315789,0.532150776,0.64516129,0.903225806,0.18,1,1,0.909090909,0.298932384,0.096938776,0.131771596,0.058139535,Carb,1,Carb
Puliyogare,0.684210526,0.349223947,0.670967742,0.225806452,0.09,1,1,0.536363636,0.09252669,0.06377551,0.073206442,0.058139535,Carb,1,Carb
Kheer,0.894736842,0.22172949,0.258064516,0.096774194,0.1,0,1,0.063636364,0.071174377,0.025510204,0.219619327,0,Carb,0,Carb
Rajma Masala,0.284210526,0.238359202,0.490322581,0.35483871,0.01,1,1,0.236363636,0.8113879,0.12244898,0.127379209,0.174418605,Carb,1,Carb
Pav,0.684210526,0.177383592,0.387096774,0.129032258,0.02,1,1,0.336363636,0.074733096,0.038265306,0.023426061,0.058139535,Carb,1,Carb
Veg Biryani,0.526315789,0.376940133,0.709677419,0.258064516,0.1,1,1,0.536363636,0.170818505,0.076530612,0.058565154,0.11627907,Carb,1,Carb
Tandoori Chicken,0,0.321507761,0.051612903,0.935483871,0.18,1,1,0.563636364,0.298932384,0.084183673,0.029282577,0.029069767,Protein,1,Carb
Methi Paratha,0.368421053,0.199556541,0.387096774,0.129032258,0.05,1,1,0.345454545,0.099644128,0.076530612,0.102489019,0.11627907,Carb,1,Carb
Chicken Curry,0,0.277161863,0.129032258,0.903225806,0.13,1,1,0.563636364,0.263345196,0.091836735,0.058565154,0.087209302,Other,1,Carb
Baigan Masala,0.210526316,0.144124169,0.193548387,0.064516129,0.08,1,1,0.336363636,0.291814947,0.06122449,0.05124451,0.145348837,Carb,1,Carb
Malai Paneer,0,0.354767184,0.064516129,0.516129032,0.27,1,1,0.490909091,0.220640569,0.073979592,0.673499268,0.029069767,Protein,1,Carb
Dahi Vada,0.894736842,0.199556541,0.296774194,0.129032258,0.08,0,0,0.209090909,0.113879004,0.038265306,0.087847731,0.058139535,Carb,0,Carb
Prawn Curry,0,0.22172949,0.129032258,0.806451613,0.08,1,1,0.627272727,0.270462633,0.102040816,0.117130307,0.029069767,Other,1,Carb
Gobi Manchurian,0.684210526,0.288248337,0.412903226,0.225806452,0.12,0,0,0.527272727,0.327402135,0.096938776,0.05124451,0.087209302,Carb,0,Protein
Chicken Kebab,0,0.199556541,0.025806452,0.774193548,0.09,1,1,0.418181818,0.213523132,0.06377551,0.026354319,0.029069767,Protein,1,Protein
Vegetable Curry,0,0.166297118,0.15483871,0.161290323,0.1,1,1,0.472727273,0.270462633,0.071428571,0.087847731,0.087209302,Other,1,Protein
Raita,0.315789474,0.099778271,0.103225806,0.096774194,0.05,1,1,0.1,0.128113879,0.025510204,0.117130307,0.029069767,Other,1,Protein
Kadai Paneer,0,0.321507761,0.129032258,0.387096774,0.22,1,1,0.563636364,0.270462633,0.076530612,0.65885798,0.087209302,Other,1,Protein
Vegetable Pulao,0.684210526,0.354767184,0.64516129,0.225806452,0.09,1,1,0.509090909,0.170818505,0.089285714,0.087847731,0.087209302,Carb,1,Protein
Chicken Tikka,0,0.199556541,0.025806452,0.806451613,0.08,1,1,0.345454545,0.291814947,0.089285714,0.029282577,0,Protein,1,Protein
Palak Paneer,0.157894737,0.266075388,0.103225806,0.483870968,0.17,1,1,0.518181818,0.398576512,0.096938776,0.629575403,0.087209302,Protein,1,Carb
Medu Vada,0.736842105,0.166297118,0.180645161,0.096774194,0.09,0,0,0.236363636,0.053380783,0.051020408,0.021961933,0.058139535,Other,0,Carb
Fish Curry,0,0.243902439,0.103225806,0.774193548,0.11,1,1,0.572727273,0.291814947,0.076530612,0.043923865,0.058139535,Protein,1,Vegetable
Paneer Tikka,0.157894737,0.254988914,0.064516129,0.451612903,0.18,1,1,0.345454545,0.220640569,0.076530612,0.55636896,0.029069767,Protein,1,Vegetable
Veg Cutlet,0.684210526,0.199556541,0.258064516,0.096774194,0.17,1,1,0.4,0.128113879,0.038265306,0.05124451,0.087209302,Carb,1,Vegetable
Chicken Biryani,0.526315789,0.44345898,0.580645161,0.903225806,0.15,1,1,0.709090909,0.227758007,0.076530612,0.058565154,0.058139535,Carb,1,Vegetable
Rasam,0.263157895,0.066518847,0.193548387,0.064516129,0,1,1,0.409090909,0.078291815,0.051020408,0.029282577,0.029069767,Carb,1,Vegetable
Upma,0.578947368,0.243902439,0.516129032,0.161290323,0.04,1,1,0.472727273,0.09252669,0.071428571,0.036603221,0.058139535,Carb,1,Vegetable
Lemon Rice,0.526315789,0.277161863,0.516129032,0.161290323,0.07,1,1,0.5,0.049822064,0.051020408,0.043923865,0.029069767,Carb,1,Carb
Shahi Tukda,0.684210526,0.332594235,0.516129032,0.258064516,0.12,0,1,0.136363636,0.06405694,0.025510204,0.219619327,0.058139535,Carb,0,Carb
Rajma Chawal,0.284210526,0.388026608,0.709677419,0.483870968,0.06,1,1,0.418181818,0.519572954,0.107142857,0.117130307,0.290697674,Carb,1,Carb
Kadhi Pakora,0.631578947,0.277161863,0.322580645,0.258064516,0.14,1,1,0.472727273,0.213523132,0.06377551,0.058565154,0.087209302,Carb,1,Vegetable
Aloo Gobi,0.421052632,0.199556541,0.322580645,0.161290323,0.08,1,1,0.363636364,0.355871886,0.076530612,0.087847731,0.145348837,Carb,1,Carb
Samosa,0.894736842,0.288248337,0.335483871,0.161290323,0.16,0,0,0.427272727,0.120996441,0.06377551,0.043923865,0.058139535,Carb,0,Carb
Rajasthani Dal,0.263157895,0.199556541,0.387096774,0.322580645,0.04,1,1,0.418181818,0.498220641,0.089285714,0.073206442,0.174418605,Carb,1,Carb
Kachori,0.947368421,0.22172949,0.258064516,0.161290323,0.12,0,0,0.336363636,0.113879004,0.051020408,0.036603221,0.058139535,Carb,0,Carb
Pongal,0.736842105,0.310421286,0.64516129,0.193548387,0.06,1,1,0.472727273,0.135231317,0.06377551,0.058565154,0.058139535,Carb,1,Carb
Gulab Jamun,0.736842105,0.166297118,0.322580645,0.096774194,0.05,0,1,0.063636364,0.035587189,0.012755102,0.029282577,0.029069767,Carb,0,Carb
Vada Pav,0.842105263,0.354767184,0.516129032,0.225806452,0.15,0,0,0.536363636,0.15658363,0.051020408,0.029282577,0.087209302,Carb,0,Carb
Butter Chicken,0,0.388026608,0.15483871,0.806451613,0.24,1,1,0.718181818,0.284697509,0.089285714,0.073206442,0.029069767,Other,1,Protein
Dhokla,0.894736842,0.199556541,0.412903226,0.225806452,0.02,1,1,0.518181818,0.15658363,0.06377551,0.058565154,0.087209302,Carb,1,Protein
Aloo Paratha,0.368421053,0.354767184,0.580645161,0.258064516,0.12,1,1,0.418181818,0.291814947,0.071428571,0.065885798,0.145348837,Carb,0,Carb
Pani Puri,0.894736842,0.199556541,0.322580645,0.129032258,0.08,0,0,0.372727273,0.078291815,0.038265306,0.029282577,0.058139535,Carb,1,Carb
Matar Paneer,0.210526316,0.243902439,0.193548387,0.322580645,0.14,1,1,0.436363636,0.298932384,0.06377551,0.512445095,0.087209302,Carb,1,Carb
Bhindi Masala,0.157894737,0.166297118,0.129032258,0.129032258,0.11,1,1,0.409090909,0.213523132,0.071428571,0.117130307,0.11627907,Other,0,Carb
Pav Bhaji,0.736842105,0.332594235,0.516129032,0.193548387,0.14,0,0,0.509090909,0.384341637,0.102040816,0.087847731,0.174418605,Carb,1,Carb
Chicken Biryani,0.526315789,0.44345898,0.580645161,0.903225806,0.15,1,1,0.709090909,0.227758007,0.076530612,0.058565154,0.058139535,Carb,1,Carb
Dosa,0.526315789,0.133037694,0.322580645,0.096774194,0.01,1,1,0.409090909,0.163701068,0.045918367,0.029282577,0.029069767,Carb,1,Carb
Paneer Butter Masala,0.157894737,0.310421286,0.15483871,0.387096774,0.2,1,1,0.545454545,0.341637011,0.081632653,0.585651537,0.087209302,Other,1,Carb
Fish Fry,0,0.243902439,0.129032258,0.806451613,0.1,1,1,0.527272727,0.284697509,0.089285714,0.058565154,0,Other,0,Carb
Chole Bhature,0.526315789,0.421286031,0.64516129,0.322580645,0.16,0,0,0.509090909,0.227758007,0.076530612,0.102489019,0.174418605,Carb,1,Carb
Tandoori Chicken,0,0.243902439,0.025806452,0.967741935,0.1,1,1,0.436363636,0.241992883,0.06377551,0.029282577,0.029069767,Protein,1,Carb
Mutton Biryani,0.526315789,0.498891353,0.516129032,0.806451613,0.2,1,1,0.772727273,0.270462633,0.102040816,0.087847731,0.058139535,Carb,1,Carb
Kheer,0.684210526,0.199556541,0.387096774,0.161290323,0.06,1,1,0.109090909,0.06405694,0.025510204,0.219619327,0.029069767,Carb,1,Protein
Chicken Curry,0,0.277161863,0.129032258,0.903225806,0.13,1,1,0.563636364,0.263345196,0.091836735,0.058565154,0.087209302,Other,1,Carb
Pulao,0.684210526,0.310421286,0.64516129,0.161290323,0.08,1,1,0.490909091,0.128113879,0.06377551,0.058565154,0.058139535,Carb,1,Carb
Gobi Manchurian,0.578947368,0.254988914,0.387096774,0.161290323,0.1,1,1,0.563636364,0.227758007,0.071428571,0.087847731,0.11627907,Carb,1,Carb
Masoor Dal,0.315789474,0.199556541,0.387096774,0.322580645,0.02,1,1,0.381818182,0.519572954,0.076530612,0.087847731,0.23255814,Carb,1,Carb
Mushroom Curry,0.105263158,0.22172949,0.193548387,0.258064516,0.14,1,1,0.472727273,0.284697509,0.06377551,0.117130307,0.11627907,Carb,1,Carb
Rava Upma,0.578947368,0.243902439,0.516129032,0.129032258,0.06,1,1,0.427272727,0.128113879,0.06377551,0.029282577,0.058139535,Carb,1,Protein
Chicken Korma,0,0.354767184,0.129032258,0.806451613,0.2,1,1,0.590909091,0.270462633,0.089285714,0.073206442,0.029069767,Other,1,Protein
Rajma Masala,0.284210526,0.310421286,0.580645161,0.483870968,0.04,1,1,0.527272727,0.533807829,0.096938776,0.117130307,0.261627907,Carb,0,Protein
Aloo Tikki,0.894736842,0.199556541,0.258064516,0.129032258,0.1,0,0,0.363636364,0.199288256,0.051020408,0.043923865,0.058139535,Carb,0,Protein
Butter Naan,0.736842105,0.354767184,0.516129032,0.258064516,0.12,0,0,0.436363636,0.106761566,0.06377551,0.073206442,0.087209302,Carb,1,Carb
Shahi Paneer,0.210526316,0.288248337,0.193548387,0.322580645,0.16,1,1,0.490909091,0.320284698,0.071428571,0.512445095,0.058139535,Carb,0,Carb
Dahi Vada,0.526315789,0.22172949,0.387096774,0.193548387,0.08,0,1,0.345454545,0.170818505,0.051020408,0.043923865,0.058139535,Carb,1,Vegetable
Baingan Bharta,0.157894737,0.199556541,0.258064516,0.129032258,0.1,1,1,0.418181818,0.270462633,0.076530612,0.058565154,0.145348837,Carb,1,Vegetable
Malai Kofta,0.263157895,0.354767184,0.322580645,0.258064516,0.18,1,1,0.536363636,0.341637011,0.081632653,0.146412884,0.11627907,Carb,1,Vegetable
Pesarattu,0.368421053,0.199556541,0.387096774,0.161290323,0.04,1,1,0.381818182,0.199288256,0.06377551,0.029282577,0.174418605,Carb,1,Vegetable
Vegetable Biryani,0.526315789,0.388026608,0.64516129,0.258064516,0.12,1,1,0.6,0.227758007,0.076530612,0.073206442,0.11627907,Carb,1,Vegetable
Chicken Tikka Masala,0,0.376940133,0.15483871,0.806451613,0.22,1,1,0.645454545,0.277580071,0.089285714,0.087847731,0.058139535,Other,1,Other
Rava Idli,0.684210526,0.166297118,0.387096774,0.129032258,0.02,1,1,0.4,0.128113879,0.056122449,0.029282577,0.058139535,Carb,1,Protein
Vegetable Korma,0.263157895,0.277161863,0.258064516,0.258064516,0.16,1,1,0.472727273,0.320284698,0.076530612,0.146412884,0.145348837,Carb,1,Carb
Kadai Paneer,0.210526316,0.310421286,0.193548387,0.387096774,0.18,1,1,0.5,0.341637011,0.081632653,0.439238653,0.087209302,Carb,1,Carb
Uttapam,0.578947368,0.22172949,0.451612903,0.193548387,0.04,1,1,0.436363636,0.199288256,0.06377551,0.058565154,0.087209302,Carb,1,Carb
Vegetable Pulao,0.631578947,0.310421286,0.580645161,0.161290323,0.08,1,1,0.509090909,0.227758007,0.06377551,0.087847731,0.11627907,Carb,1,Carb
Chicken Curry,0,0.321507761,0.129032258,0.838709677,0.16,1,1,0.563636364,0.270462633,0.089285714,0.073206442,0.087209302,Other,1,Protein
Methi Thepla,0.473684211,0.243902439,0.322580645,0.161290323,0.12,1,1,0.436363636,0.213523132,0.071428571,0.117130307,0.11627907,Carb,1,Protein
Palak Paneer,0.210526316,0.288248337,0.193548387,0.387096774,0.18,1,1,0.5,0.341637011,0.081632653,0.585651537,0.11627907,Carb,0,Protein
Pani Puri,0.894736842,0.088691796,0.193548387,0.064516129,0.02,0,0,0.2,0.085409253,0.025510204,0.029282577,0.058139535,Carb,0,Carb
Aloo Paratha,0.736842105,0.354767184,0.516129032,0.258064516,0.14,0,0,0.509090909,0.177935943,0.06377551,0.073206442,0.11627907,Carb,1,Carb
Chicken 65,0,0.321507761,0.193548387,0.806451613,0.16,1,1,0.618181818,0.277580071,0.089285714,0.087847731,0.029069767,Carb,1,Carb
Chana Masala,0.442105263,0.288248337,0.580645161,0.322580645,0.04,1,1,0.527272727,0.533807829,0.102040816,0.117130307,0.290697674,Carb,0,Carb
Vada Pav,0.684210526,0.354767184,0.580645161,0.258064516,0.14,0,0,0.527272727,0.24911032,0.06377551,0.058565154,0.11627907,Carb,1,Carb
Mutton Rogan Josh,0,0.399113082,0.15483871,0.903225806,0.24,1,1,0.636363636,0.291814947,0.102040816,0.102489019,0.058139535,Other,0,Protein
Papdi Chaat,0.684210526,0.22172949,0.387096774,0.161290323,0.08,0,0,0.345454545,0.170818505,0.051020408,0.043923865,0.058139535,Carb,0,Protein
Malabar Parotta,0.789473684,0.288248337,0.451612903,0.161290323,0.12,0,0,0.418181818,0.128113879,0.051020408,0.073206442,0.058139535,Carb,1,Carb
Fish Curry,0,0.310421286,0.129032258,0.806451613,0.16,1,1,0.563636364,0.270462633,0.089285714,0.058565154,0.058139535,Other,1,Protein
Gajar Halwa,0.736842105,0.266075388,0.451612903,0.161290323,0.1,1,1,0.109090909,0.128113879,0.051020408,0.234260615,0.058139535,Carb,1,Protein
Kadhi Pakora,0.473684211,0.243902439,0.258064516,0.193548387,0.14,1,1,0.490909091,0.213523132,0.071428571,0.117130307,0.087209302,Carb,1,Carb
Rasgulla,0.684210526,0.166297118,0.451612903,0.064516129,0,1,1,0.031818182,0.028469751,0.012755102,0.117130307,0,Carb,1,Carb
Kheer,0.684210526,0.243902439,0.387096774,0.129032258,0.1,1,1,0.086363636,0.106761566,0.051020408,0.263543192,0.029069767,Carb,1,Carb
Paneer Tikka,0.210526316,0.310421286,0.103225806,0.483870968,0.2,1,1,0.563636364,0.341637011,0.076530612,0.439238653,0.058139535,Protein,1,Carb
Matar Paneer,0.368421053,0.266075388,0.258064516,0.322580645,0.16,1,1,0.518181818,0.320284698,0.071428571,0.292825769,0.11627907,Carb,0,Carb
Pav Bhaji,0.578947368,0.354767184,0.516129032,0.258064516,0.16,0,0,0.709090909,0.320284698,0.076530612,0.146412884,0.145348837,Carb,1,Carb
Chicken Biryani,0.526315789,0.44345898,0.580645161,0.64516129,0.16,1,1,0.745454545,0.341637011,0.089285714,0.087847731,0.058139535,Carb,1,Carb
Dosa,0.526315789,0.199556541,0.451612903,0.129032258,0.02,1,1,0.418181818,0.199288256,0.056122449,0.029282577,0.087209302,Carb,1,Protein
Lassi,0.263157895,0.133037694,0.258064516,0.096774194,0.03,1,1,0.045454545,0.128113879,0.025510204,0.146412884,0,Carb,1,Protein
Rajma Chawal,0.284210526,0.354767184,0.709677419,0.322580645,0.06,1,1,0.618181818,0.533807829,0.102040816,0.146412884,0.203488372,Carb,0,Carb
Chole Bhature,0.526315789,0.44345898,0.64516129,0.322580645,0.18,0,0,0.709090909,0.370106762,0.089285714,0.146412884,0.23255814,Carb,1,Carb
Hummus,0.063157895,0.188470067,0.258064516,0.193548387,0.09,1,1,0.209090909,0.170818505,0.102040816,0.058565154,0.174418605,Carb,1,Carb
Falafel,0.315789474,0.354767184,0.451612903,0.322580645,0.18,1,1,0.390909091,0.284697509,0.089285714,0.146412884,0.203488372,Carb,1,Carb
Tabbouleh,0.263157895,0.199556541,0.258064516,0.129032258,0.1,1,1,0.254545455,0.177935943,0.051020408,0.117130307,0.087209302,Carb,1,Carb
Shawarma,0.210526316,0.44345898,0.322580645,0.967741935,0.2,1,1,0.890909091,0.320284698,0.076530612,0.175695461,0.087209302,Carb,1,Carb
Moutabal,0.126315789,0.177383592,0.129032258,0.096774194,0.12,1,1,0.218181818,0.149466192,0.06377551,0.087847731,0.058139535,Other,1,Carb
Mandi,0.473684211,0.44345898,0.774193548,0.387096774,0.1,1,1,0.590909091,0.213523132,0.089285714,0.117130307,0.11627907,Carb,1,Carb
Kabsa,0.526315789,0.421286031,0.580645161,0.483870968,0.16,1,1,0.654545455,0.24911032,0.076530612,0.087847731,0.087209302,Carb,1,Carb
Fatayer,0.315789474,0.277161863,0.387096774,0.258064516,0.12,1,1,0.345454545,0.142348754,0.051020408,0.058565154,0.087209302,Carb,1,Carb
Manakish,0.473684211,0.310421286,0.387096774,0.387096774,0.14,1,1,0.436363636,0.177935943,0.071428571,0.175695461,0.058139535,Carb,1,Carb
Lamb Kofta,0,0.354767184,0.103225806,0.806451613,0.2,1,1,0.563636364,0.270462633,0.089285714,0.087847731,0.058139535,Protein,1,Carb
Labneh,0.042105263,0.166297118,0.077419355,0.322580645,0.1,1,1,0.181818182,0.170818505,0.076530612,0.512445095,0,Protein,0,Carb
Kunafa,0.789473684,0.332594235,0.516129032,0.161290323,0.14,0,0,0.227272727,0.071174377,0.038265306,0.175695461,0.058139535,Carb,1,Carb
Shish Taouk,0,0.310421286,0.064516129,0.806451613,0.18,1,1,0.672727273,0.270462633,0.076530612,0.087847731,0.029069767,Protein,1,Carb
Shawarma Wrap,0.210526316,0.44345898,0.451612903,0.483870968,0.22,1,1,0.863636364,0.298932384,0.089285714,0.146412884,0.11627907,Carb,1,Carb
Mansaf,0.421052632,0.554323725,0.580645161,0.806451613,0.28,1,1,0.727272727,0.391459075,0.102040816,0.219619327,0.087209302,Carb,1,Carb
Foul Medames,0.421052632,0.266075388,0.516129032,0.387096774,0.02,1,1,0.272727273,0.427046263,0.102040816,0.117130307,0.290697674,Carb,1,Carb
Lamb Shawarma,0.210526316,0.388026608,0.193548387,0.967741935,0.22,1,1,0.8,0.291814947,0.089285714,0.087847731,0.058139535,Carb,1,Carb
Laban,0.042105263,0.099778271,0.15483871,0.096774194,0.03,1,1,0.081818182,0.15658363,0.025510204,0.175695461,0,Other,1,Carb
Muhallabia,0.263157895,0.199556541,0.322580645,0.161290323,0.08,1,1,0.068181818,0.106761566,0.038265306,0.219619327,0.029069767,Carb,1,Carb
Chicken Mandi,0.473684211,0.465631929,0.580645161,0.806451613,0.18,1,1,0.654545455,0.277580071,0.076530612,0.117130307,0.087209302,Carb,1,Carb
Kibbeh,0.315789474,0.288248337,0.258064516,0.483870968,0.14,1,1,0.436363636,0.24911032,0.06377551,0.087847731,0.087209302,Carb,0,Carb
Samboosa,0.842105263,0.199556541,0.258064516,0.161290323,0.1,0,0,0.181818182,0.128113879,0.051020408,0.029282577,0.058139535,Carb,1,Protein
Mutton Biryani,0.526315789,0.44345898,0.580645161,0.64516129,0.16,1,1,0.745454545,0.341637011,0.089285714,0.087847731,0.058139535,Carb,1,Carb
Mango Juice,0.578947368,0.166297118,0.451612903,0.032258065,0,1,1,0.009090909,0.142348754,0.038265306,0.036603221,0.058139535,Carb,1,Protein
Kofta,0,0.332594235,0.129032258,0.806451613,0.18,1,1,0.618181818,0.298932384,0.076530612,0.087847731,0.087209302,Other,1,Carb
Makbous,0.578947368,0.421286031,0.580645161,0.483870968,0.18,1,1,0.772727273,0.270462633,0.089285714,0.131771596,0.11627907,Carb,1,Carb
Lamb Ouzi,0.421052632,0.498891353,0.64516129,0.64516129,0.2,1,1,0.745454545,0.391459075,0.076530612,0.175695461,0.087209302,Carb,1,Carb
Fattoush,0.263157895,0.199556541,0.322580645,0.161290323,0.08,1,1,0.290909091,0.177935943,0.051020408,0.175695461,0.11627907,Carb,1,Carb
Mansaf,0.421052632,0.554323725,0.580645161,0.806451613,0.28,1,1,0.727272727,0.391459075,0.102040816,0.219619327,0.087209302,Carb,1,Carb
Kibbeh Nayyeh,0,0.277161863,0.193548387,0.483870968,0.18,1,1,0.318181818,0.213523132,0.06377551,0.073206442,0.058139535,Carb,1,Carb
Falafel Wrap,0.315789474,0.354767184,0.451612903,0.322580645,0.18,1,1,0.618181818,0.24911032,0.089285714,0.117130307,0.145348837,Carb,1,Carb
Labneh Manakish,0.421052632,0.310421286,0.387096774,0.322580645,0.15,1,1,0.436363636,0.177935943,0.06377551,0.175695461,0.058139535,Carb,,
Arayes,0.526315789,0.421286031,0.387096774,0.64516129,0.22,1,1,0.709090909,0.284697509,0.089285714,0.146412884,0.087209302,Carb,,
Kunafa,0.789473684,0.354767184,0.516129032,0.161290323,0.16,0,0,0.181818182,0.071174377,0.038265306,0.175695461,0.058139535,Carb,,
Baklava,0.578947368,0.354767184,0.387096774,0.161290323,0.18,0,0,0.181818182,0.071174377,0.038265306,0.175695461,0.058139535,Carb,,
Kabsa,0.526315789,0.465631929,0.64516129,0.64516129,0.15,1,1,0.709090909,0.284697509,0.089285714,0.117130307,0.087209302,Carb,,
Sambousek,0.473684211,0.266075388,0.322580645,0.322580645,0.12,1,1,0.327272727,0.15658363,0.051020408,0.087847731,0.058139535,Carb,,
Mujadara,0.368421053,0.354767184,0.709677419,0.322580645,0.06,1,1,0.472727273,0.320284698,0.076530612,0.117130307,0.23255814,Carb,,
Shakshuka,0.526315789,0.277161863,0.193548387,0.322580645,0.18,1,1,0.436363636,0.213523132,0.051020408,0.146412884,0.11627907,Carb,,
Lentil Soup,0.368421053,0.199556541,0.387096774,0.258064516,0.04,1,1,0.436363636,0.284697509,0.06377551,0.087847731,0.23255814,Carb,,
Foul Sandwich,0.421052632,0.332594235,0.580645161,0.483870968,0.06,1,1,0.527272727,0.320284698,0.089285714,0.175695461,0.174418605,Carb,,
Chicken Shawarma,0.210526316,0.388026608,0.258064516,0.967741935,0.18,1,1,0.8,0.298932384,0.089285714,0.087847731,0.058139535,Carb,,
Harira Soup,0.421052632,0.243902439,0.387096774,0.322580645,0.08,1,1,0.5,0.227758007,0.076530612,0.117130307,0.11627907,Carb,,
Lamb Kabsa,0.526315789,0.532150776,0.516129032,0.806451613,0.22,1,1,0.763636364,0.334519573,0.076530612,0.175695461,0.087209302,Carb,,
Maamoul,0.715789474,0.199556541,0.258064516,0.096774194,0.1,0,0,0.027272727,0.056939502,0.038265306,0.021961933,0.029069767,Carb,,
Baba Ganoush,0.105263158,0.166297118,0.129032258,0.064516129,0.12,1,1,0.163636364,0.149466192,0.051020408,0.043923865,0.11627907,Other,,
Za'atar Manakish,0.578947368,0.277161863,0.387096774,0.161290323,0.12,1,1,0.345454545,0.15658363,0.06377551,0.175695461,0.058139535,Carb,,
