Food Code,Food Name,Calories,Water (g),Protein (g),Fat (g),Carbohydrates (g),Fiber (g),Cholesterol (mg),Sodium (mg),Potassium (mg),Calcium (mg),Iron (mg),Magnesium (mg),Vitamin C (mg),Thiamin (mcg),Riboflavin (mcg),Niacin (mg),Vitamin A (mcg RAE),Saturated Fat (g),Monounsaturated Fat (g),Polyunsaturated Fat (g)
1001,"Amaranth, whole grain, dry, raw",360,10,14.7,5.6,59.2,7.5,0,3,413,162,9.5,270,1,0.07,0.21,0.5,0,0,0,0
1004,Sweet Biscuits,460,4.3,6.1,17.2,69.3,2.1,12,298,158,45,1.4,19,7,0.09,0.03,0.7,40,0,0,0
1005,Brown Bread,245,36,8,0,46.9,5.9,0,446,191,56,2.6,58,0,0.22,0.01,3.4,0,0,0,0
1006,Sweet Bread,368,23.5,8.3,14.4,50.6,1.5,0,369,227,80,1.9,18,0.6,0.2,0.16,2.3,74,0,0,0
1007,White Bread,249,36.9,7.7,1.9,48.8,3.1,0,466,120,37,1.7,27,0,0.16,0.06,3.8,0,0,0,0
1009,Corn Flakes,373,3.5,7.5,0.7,83,2.6,0,1090,110,3,0.4,13,0,0,0.08,0.8,10,0,0,0
1010,"Wheat Biscuits,Weetabix",366,3.8,11.5,1.9,70.7,9.9,0,360,392,30,7.6,125,0,1,1.24,11,0,0,0,0
1011,Buns,306,29,7,6.8,52.8,2.9,1.5,100,210,90,2.5,27,0,0.2,0.03,2.1,0,0,0,0
1012,Cupcakes,363,25.9,7.1,15.3,48.8,1.1,82.5,480,110,63,1,14,0,0.06,0.14,0.7,50,0,0,0
1013,Fruit Cake,368,20,4,12.3,58.8,3.1,38,170,347,75,2,23,0,0.1,0.1,0.2,8,0,0,0
1014,Sponge Cake,465,15,6.5,26.7,49.1,1.1,161,350,105,140,1.4,12,0,0.04,0.13,0.5,323,0,0,0
1016,Iced Cake,412,15.7,13,16.8,51.5,1.1,31.1,250,147,45,1.5,10,0,0.03,0.5,0.5,0,0,0,0
1017,Ugali,355,10.6,0.5,0.4,87.1,0.6,0,10,7,12,0.7,3,0,0.02,0,0.2,0,0,0,0
1018,"Githeri, white grains",345,13.6,7.94,4.5,63.4,9.4,0,12,226,24,2.6,75,0,0.25,0.1,2,0,0.60781725,1.321707375,1.572847875
1047,Boiled Maize,111,72.1,2.6,1.5,20.5,3,0,5,59,9,0.8,25,0,0.04,0.02,0.5,0,0,0,0
1019,"Githeri, yellow grains",340,12.7,8.3,3.7,62.5,11.9,0,7,346,7,3.9,104,0,0.5,0.12,2.2,20,0,0,0
1049,Yellow Boiled Maize,110,71.8,2.7,1.2,20.2,3.8,0,4,90,4,1.3,34,0,0.08,0.03,0.5,6,0,0,0
1021,Muthokoi,338,13.5,7.3,1.7,71.4,3.9,0,7,90,3,0.5,19,0,0.12,0.01,0.5,0,0,0,0
1065,"Pasta, macaroni",150,62.2,5.6,0.6,30,1.4,0,3,36,10,0.6,16,0,0.03,0.01,0.4,0,0,0,0
1064,"Pasta, spaghetti",122,69.1,4.4,0.5,24.5,1.1,0,4,49,8,0.3,11,0,0.02,0.02,0.3,0,0,0,0
1032,"Rice, Flour",352,11.9,6,1.1,78.4,2.1,0,2,155,14,0.8,37,0,0.12,0.03,2.9,0,0,0,0
1060,Boiled Rice,119,69.6,2.4,0.2,26.3,1.3,0,4,35,5,0.6,10,0,0.06,0.01,0.8,0,0,0,0
2,"STARCHY ROOTS, TUBERS AND BANANAS",0,0,0,0,0,0,0,0,0,0,0,0,0,0,0,0,0,0,0,0
2001,"Arrowroot, flour",331,16.5,0.2,0.2,81.8,0.9,0,2,11,33,1,4,0,0.1,0.02,0.48,0,0,0,0
2020,Boiled Arrow roots (Nduma),109,70.9,3.2,0.3,22.3,2,0,28,548,6,1,23,1,0.17,0.08,1.9,1,0,0,0
2003,"Banana, BITA 3, dried, flour",366,2.3,3.9,1.8,78.5,9.9,0,4,1030,30,1.2,60,7.1,0.18,0.24,2.8,13,0,0,0
2004,Plantain,97,73.6,1.4,0,20.1,3.6,0,10,322,7,0.8,23,23.3,0.06,0.04,0.33,0,0,0,0
2023,Boiles Cassva,148,60.5,1.1,0.2,33.4,3.9,0,1,171,27,0.7,10,23,0.15,0.01,0.3,1,0,0,0
2025,Boiled Potatoes,105,72.1,2.4,0.1,22.7,1.7,0,5,516,8,1.3,17,5,0.05,0.03,0.9,0,0,0,0
2026,Steamed Potatoes,107,71.5,2.5,0.2,23.2,1.7,0,6,559,8,1.3,18,5,0.06,0.04,1.1,0,0,0,0
2027,Boiled Sweet potato(white),101,72,1.7,0.4,20.8,4,0,16,311,21,0.4,10,13,0.05,0.03,0.6,8,0,0,0
2028,Boiled Sweet potato(orange),77,78.7,1.9,0.1,15.6,3,0,8,200,26,0.5,13,22,0.02,0.04,0.8,491,0,0,0
2016,"Taro, peeled, raw",97,73,1.8,0.2,20.3,3.5,0,10,300,51,0.7,20,12,0.1,0.03,0.7,3,0,0,0
2017,"Turnip, root, raw",22,93.1,0.7,0,3.6,1.7,0,29,320,34,0.5,11,23,0.04,0.04,0.7,0,0,0,0
2018,"Yam, flour",312,14,3.4,0,67.4,12.8,0,28,818,20,1.1,50,0,0,0,1,0,0,0,0
2030,"Yam, white, boiled, drained (without salt)",118,67.4,2,0.2,24.9,4.3,0,8,248,16,0.8,17,4,0.09,0.02,0.3,0,0,0,0
3,LEGUMES AND PULSES,0,0,0,0,0,0,0,0,0,0,0,0,0,0,0,0,0,0,0,0
3043,Boiled chickpeas,143,59.9,9.9,2.3,15.3,11.2,0,10,342,90,2.6,61,2,0.14,0.05,0.6,6,0,0,0
3049,Boiled Cowpeas,132,61.8,4.8,0.6,22.6,8.4,0,5,361,200,1.4,51,3,0.1,0.07,1.6,62,0,0,0
3013,"Flour, soya, full fat",437,7,37,20.2,22,9.41,0,12.7,2470,200,6.25,421,0,0.8,0.3,4.2,6,0,0,0
3014,"Flour, soya, low fat",361,7,45,8.68,17.8,15.6,0,9,2040,240,9.1,278,0,0.8,0.4,2.9,2,0,0,0
3015,"Garden peas, fresh, raw",93,72.5,7.9,0.7,9.8,8,0,3.66,249,28.2,2.63,30.15,38.4,0.29,0.13,2.3,30,0.157748769,0.159107846,0.261581385
3018,"Gram, Flour",353,9.6,22.7,5.4,48.5,10.1,0,2,297,58,5.2,62,0,0.45,0.17,1.9,3,0,0,0
3062,Boiled Green Grams,73,79.2,6.4,0.4,9,3.9,0,8,233,38,1.8,50,0,0.1,0.05,0.4,2,0,0,0
3066,Boiled Lentils,75,78.8,6.7,0.2,9.7,4,0,5,148,21,1.7,24,1,0.08,0.04,0.5,0,0,0,0
3022,"Soybean, dry, raw",386,12.7,34,0,9.7,19.3,0,7,1730,228,7.3,203,0,0.73,0.15,2.59,0,0,0,0
3071,Boiled Soybeans,159,64,14,7.9,4,7.9,0,4,533,81,2.5,72,0,0.19,0.05,0.7,0,0,0,0
4,VEGETABLE AND VEGETABLE PROCUCTS,0,0,0,0,0,0,0,0,0,0,0,0,0,0,0,0,0,0,0,0
4039,Boiled Terere,38,83.8,3.9,0.3,1.3,7.6,0,14,314,280,5.3,77,33,0.02,0.15,0.5,309,0,0,0
4040,Stewed Terere,45,81,4.6,0.3,1.5,8.9,0,22,737,346,8.3,151,57,0.03,0.26,0.8,362,0,0,0
4002,Raw Karela,32,89.6,1.5,0,4.2,3.7,0,16,210,22,1.4,20,60,0.07,0.04,0.3,11,0,0,0
4041,Boiled Karela,36,88.4,1.7,0.3,4.6,4.1,0,14,117,23,1.2,13,43,0.05,0.03,0.2,11,0,0,0
4042,Boiled Managu,29,89.1,3.6,0.1,1.3,4.1,0,7,200,91,6.2,24,14,0.04,0.2,0.7,2,0,0,0
4043,Steamed Managu,27,90.1,3.3,0.1,1.2,3.8,0,7.391304348,311.173913,82.99695652,6,32.2826087,17,0.04,0.25,0.8,2,0,0,0
4044,Boiled Broccoli,31,90.1,3,0.3,2.4,3.3,0,15,151,56,0.6,11,60,0.06,0.13,0.3,20,0,0,0
4045,Steamed Brocolli,33,89.4,3.2,0.3,2.6,3.6,0,18,275,60,0.6,18,74,0.08,0.19,0.4,22,0,0,0
4005,Raw Cabbage,10,97,0.9,0.3,0.4,1.1,0,16,250,36,1.4,10,20,0.03,0.04,0.4,16,0,0,0
4046,Boiled Cabbage,10,96.9,0.9,0.3,0.4,1.1,0,12,128,35,1.1,6,8,0.02,0.03,0.3,15,0,0,0
4047,Steamed Cabbage,10,96.9,0.9,0.3,0.4,1.1,0,14,217,35,1.2,9,11,0.02,0.04,0.3,15,0,0,0
4008,Green Capsicum,23,93.3,1.5,0.1,2.9,2,0,2,151,8,0.5,10,115,0.03,0.03,0.5,27,0,0,0
4052,"Capsicum (sweet peper), green, boiled, drained (without salt)",26,92.3,1.7,0.1,3.3,2.3,0,2,87,9,0.5,7,86,0.02,0.02,0.4,28,0,0,0
4053,"Capsicum (sweet peper), green, grilled (without salt and fat)",24,92.8,1.6,0.1,3.1,2.2,0,2,162,9,0.6,11,99,0.03,0.03,0.5,26,0,0,0
4054,"Capsicum (sweet peper), green, baked (without salt)",23,93,1.6,0.1,3,2.1,0,2,157,8,0.6,10,96,0.03,0.03,0.5,26,0,0,0
4009,"Capsicum (sweet peper), red, raw",26,92.4,1.7,0.2,3.5,1.8,0,2,174,4,0.3,6,156,0.04,0.05,1,21,0,0,0
4055,"Capsicum (sweet peper), red, boiled, drained (without salt)",30,91.3,2,0.2,4,2.1,0,2,100,4,0.3,4,117,0.03,0.04,0.7,21,0,0,0
4056,"Capsicum (sweet peper), red, grilled (without salt and fat)",28,91.8,1.8,0.2,3.8,1.9,0,2,187,4,0.3,6,134,0.04,0.05,1,20,0,0,0
4057,"Capsicum (sweet peper), red, baked (without salt)",27,92.1,1.8,0.2,3.6,1.9,0,2,181,4,0.3,6,130,0.04,0.05,1,19,0,0,0
4010,"Capsicum (sweet peper), yellow, raw",21,93.4,1.4,0.2,2.3,2.2,0,2,242,19,1,17,127,0.14,0.02,0.59,14,0,0,0
4058,"Capsicum (sweet peper), yellow, boiled, drained (without salt)",24,92.4,1.6,0.2,2.6,2.5,0,1,139,21,0.6,12,95,0.1,0.01,0.4,14,0,0,0
4059,"Capsicum (sweet peper), yellow, grilled (without salt and fat)",22,92.9,1.5,0.2,2.4,2.4,0,2,260,21,0.7,19,109,0.14,0.02,0.6,13,0,0,0
4060,"Capsicum (sweet peper), yellow, baked (without salt)",22,93.1,1.4,0.2,2.4,2.3,0,2,252,20,0.7,18,106,0.13,0.02,0.6,13,0,0,0
4011,"Carrot, peeled, raw",30,90.6,0.7,0,4.5,3.2,0,35,251,33,0.6,17,5.5,0.04,0.03,0.22,589,0,0,0
4061,Boiled Carrots,32,90,0.8,0.3,4.8,3.4,0,21,120,34,0.5,11,2,0.03,0.02,0.2,564,0,0,0
4062,Stewed Carrots,31,90.2,0.8,0.2,4.7,3.4,0,37,261,35,0.6,17,5,0.04,0.03,0.2,552,0,0,0
4063,"Cauliflower, tops and stems, boiled, drained (without salt)",19,93.2,2,0.2,0.9,2.8,0,23,146,16,0.6,6,46,0.04,0.06,0.3,0,0,0,0
4013,"Celery, stalk, raw",27,90.9,0.6,0.1,5.3,1.4,0,28,267,70,1,19,12,0.03,0.03,0.4,39,0,0,0
4064,Boiled Celery,30,89.9,0.7,0.1,5.8,1.6,0,23,148,74,0.8,13,9,0.02,0.02,0.3,39,0,0,0
4014,"Courgette, green, unpeeled, raw",19,94.8,0.9,0.3,2.5,1.1,0,1,188,18,0.5,16,24,0.03,0.06,0.6,23,0,0,0
4065,Boiled Courgette,21,94.2,1,0.3,2.8,1.2,0,1,104,19,0.4,11,17,0.02,0.04,0.4,14,0,0,0
4066,Boiled Cowpea leaves (Thoroko),28,89.2,3.2,0.4,0.6,4.7,0,22,231,170,1.9,27,19,0.3,0.23,1,0,0,0,0
4067,Steamed Cowpea leaves (Thoroko),26,90.2,2.9,0.4,0.6,4.3,0,23,358,155,1.9,37,24,0.34,0.29,1.1,0,0,0,0
4016,"Cucumber, green, unpeeled, raw",11,96.2,0.6,0.1,1.3,1.4,0,22,136,20,0.7,14,7,0.03,0.02,0.2,0,0,0,0
4017,"Eggplant / Brinjal, different varieties, whole edible, raw",27,90.8,1.2,0.3,2.8,4,0,3,200,18,0.4,21,2,0.05,0.05,1,12,0,0,0
4068,Boiled Eggplant (Biringanya),29,90.1,1.3,0.3,3,4.3,0,2,108,19,0.3,14,1,0.03,0.03,0.4,12,0,0,0
4069,Stewed Eggplant (Biringanya),33,88.5,1.5,0.4,3.4,5,0,4,250,23,0.5,26,2,0.06,0.06,0.6,14,0,0,0
4070,Boiled Jute mallow (murenda),47,81.4,4.9,0.2,2.2,8.7,0,14,149,207,5,19,18.3,0.06,0.23,0.4,205,0,0,0
4071,Stewes Jute mallow (murenda),56,78.2,5.7,0.2,2.6,10.2,0,23,349,255,7.8,37,32.2,0.1,0.4,0.6,241,0,0,0
4072,Boiled Kanzera,26,90.8,3.1,0.6,0.2,3.8,0,5,304,105,4,31,51,0.04,0.14,0.6,101,0,0,0
4073,Steamed Kanzera,24,91.6,2.8,0.5,0.2,3.5,0,5,472,96,3.9,42,64,0.04,0.18,0.6,92,0,0,0
4020,Raw Sukuma Wiki,29,89.2,3,0,1.2,4.7,0,71,238,402,2.8,41,134,0.11,0.13,1,177,0,0,0
4074,Boiled Sukuma Wiki,28,89.7,2.9,0.3,1.2,4.4,0,51,113,364,2,23,51,0.07,0.08,0.6,152,0,0,0
4075,Steamed Sukuma wiki,25,90.6,2.6,0.3,1.1,4.1,0,53,176,332,2,32,64,0.08,0.1,0.7,139,0,0,0
4021,"Leeks, bulb and stem, raw",54,84.5,1.7,0.4,9.5,3.1,0,17,202,78,1.8,14,21,0.14,0,0,20,0,0,0
4076,Boiled Leeks,66,81.4,2,0.5,11.4,3.7,0,11,110,90,1.6,10,10,0.12,0.07,0.3,22,0,0,0
4022,Lettuce,17,94.4,1.2,0.2,1.9,1.6,0,20,201,47,1.6,24,10,0.08,0.05,0.26,107,0,0,0
4077,Boiled Mushroom,48,85.9,3.2,0.5,6.1,3.1,0,8,218,21,0.3,12,0,0.09,0.36,0.6,0,0,0,0
4078,Stewed Mushroom,43,87.3,2.8,0.5,5.5,2.8,0,10,393,20,0.4,19,0,0.11,0.47,0.8,0,0,0,0
4024,Dried Mushroom,283,11.9,12.3,0,32.4,39.1,0,5,326,24,5.5,136,0,0.24,0.17,3.77,0,0,0,0
4025,Canned Mushroom,18,93,1.5,0.4,0.2,3.7,0,300,24,4,1,4,3,0.23,0.05,1.3,4,0,0,0
4026,Fresh Okra,32,90,2,0.2,3.5,3.7,0,8,303,81,0.8,57,21,0.1,0.06,1,9,0,0,0
4080,Boiled Okra,29,90.5,1.8,0.2,4.1,3.4,0,5,138,70,0.5,31,12,0.05,0.04,0.6,8,0,0,0
4081,Stewed Okra,35,88.7,2.2,0.2,6.1,4,0,7,280,84,0.7,56,17,0.08,0.06,0.9,9,0,0,0
4083,Boiled Pumpkin,28,91.4,1.1,0.2,4.6,2.1,0,12,157,15,0.2,11,6,0.06,0.05,0.7,100,0,0,0
4084,Boiled Pumpkin Leaves,35,87.9,4,0.7,2.1,2.1,0,9,201,347,4,81,5,0.04,0.07,0.9,121,0,0,0
4085,Steamed Pumpkin Leaves,32,89,3.7,0.6,1.9,2,0,9,313,316,3.9,111,6,0.05,0.09,1,111,0,0,0
4029,"Spider plant, leaves, raw",43,85,4.8,0,2.1,4.3,0,19,478,189,2.6,48,64,0.1,0.12,1.3,217,0,0,0
4086,Boiled Spider Plant (Sagaa),41,85.7,4.6,0.7,2,4.1,0,13,228,171,1.9,27,24,0.06,0.07,0.8,186,0,0,0
4087,Steamed Spider Plant (Sagaa),38,86.9,4.2,0.7,1.9,3.8,0,14,353,156,1.8,37,31,0.07,0.09,0.9,170,0,0,0
4030,Raw Spinanch,27,89.8,2.8,0.4,1.1,4.1,0,59,570,131,1.7,72,37,0.03,0.18,0.4,189,0,0,0
4088,Boiled Spinanch,28,89.3,2.9,0.4,1.2,4.3,0,46,300,131,1.4,45,15,0.02,0.12,0.3,179,0,0,0
4089,Stewed Spinanch,33,87.4,3.5,0.4,1.4,5.1,0,72,704,161,2.1,89,27,0.03,0.21,0.5,209,0,0,0
4032,"Squash, butternut, peeled, flesh, raw",43,87.3,1.5,0,7.8,2.5,0,7.7,332,18,1,16,8,0.07,0.06,1.02,160,0,0,0
4092,"Squash, butternut, peeled, flesh, boiled, drained (without salt)",48,85.7,1.6,0.1,8.8,2.8,0,7,186,19,0.8,11,6,0.05,0.04,0.7,162,0,0,0
4093,"Squash, butternut, peeled, flesh, steamed (without salt)",48,85.7,1.6,0.1,8.8,2.8,0,7,317,19,0.9,16,7,0.06,0.06,0.9,162,0,0,0
4094,"Squash, butternut, peeled, flesh, baked (without salt)",51,85.1,1.7,0.1,9.2,2.9,0,9,390,21,1.2,19,8,0.07,0.06,1.1,169,0,0,0
4033,"Stinging nettle, leaves, raw",59,80,5.4,0,6.7,0,0,36,524,668,7.2,133,5,0.04,0,1,2,0,0,0
4095,"Stinging nettle, leaves, boiled, drained (without salt)",56,81.1,5.1,0.7,6.4,2,0,26,250,604,5.2,76,2,0.02,0.19,0.7,0,0,0,0
4096,"Stinging nettle, leaves, steamed (without salt)",51,82.8,4.7,0.6,5.8,1.8,0,27,387,552,5,104,2,0.03,0.24,0.7,0,0,0,0
4034,Sweet Potato (Leaves),36,87.6,4.3,0.5,0.8,5.3,0,6,620,118,1,61,11,0.1,0.35,1.1,189,0,0,0
4035,"Tomato, green, raw",23,93.2,1.1,0.2,3.3,1.6,0,13,225,8,0.4,14,16,0.08,0.1,0.5,3,0,0,0
4097,Green Tomatoes,29,91.3,1.4,0.3,4.2,2.1,0,13,144,10,0.4,10,14,0.07,0.04,0.4,3,0,0,0
4036,Red Tomatoes,22,93.6,1,0,3.3,1.4,0,21,126,8,0.9,9.5,25,0.04,0.04,0.5,26,0,0,0
4098,"Tomato, red, ripe, boiled, drained (without salt)",28,91.8,1.3,0.3,4.2,1.8,0,20,81,10,0.8,7,21,0.04,0.04,0.5,30,0,0,0
4037,Canned Tomato,20,94,1,0.1,3.1,1.3,0,68,204,22,0.6,11,6,0,0,0.6,28,0,0,0
5,FRUITS,0,0,0,0,0,0,0,0,0,0,0,0,0,0,0,0,0,0,0,0
5001,Green Apple,55,85,0.3,0,12.2,2.4,0,2,99,6,0.4,4,4,0.025,0.01,0.1,1,0,0,0
5002,Red Apple,57,84.6,0.3,0.1,12.4,2.3,0,1,100,6,0.3,4,4,0.02,0.01,0.13,1,0,0,0
5003,Avocado,185,74,1.6,19.6,0,4,0,7,281,19,1,25,14,0.07,0.15,1.8,2,3.27814312,13.5332316,1.91404584
5004,Banana,95,74.4,1.08,0,20.6,2.75,0,0,187,10,0.3,26,4,0.05,0.05,0.35,5,0,0,0
5005,Mabuyu,315,13.1,2.3,0.4,72.2,0,0,56,1613,283,5,108,13.7,0.04,0.2,1.5,0,0,0,0
5006,Custard Apple,92,75,1.7,0,17,5.1,0,3,278,28,0.4,38,22,0.07,0.13,0.7,0,0,0,0
5007,Dried Dates,305,17.2,2.4,0.2,68.7,9.7,0,14,730,82,2.6,50,5,0.03,0.13,1.4,2,0,0,0
5008,Raw Dates,152,60.2,1.6,0.1,35.3,0,0,7,410,34,0.3,24,22,0.06,0.07,0.7,2,0,0,0
5009,"Doumpalm fruit, raw",280,17.6,2.8,0,58.3,0,0,0.47,862,73,18,53,0,0.05,0.1,0,0,0,0,0
5010,Grapes,71,80.7,0.6,0.1,16,2,0,3,171,14,0.3,7.1,14,0.03,0.03,0.2,2,0,0,0
5011,Guava,48,80.7,1.1,1.1,0.9,15.5,0,1,334,20,0.4,18,222,0.06,0.05,0.6,22,0,0,0
5012,Jack fruit,95,73.2,1.4,0,20.5,2.8,0,2,279,35,0,32,7,0.07,0.13,0.7,7,0,0,0
5015,Fresh Lemon Juice,37,89.5,0.82,0.2,6.7,2.5,0,2,120,33,0.3,15,44,0.03,0.02,0.2,1,0,0,0
5016,Lime Juice,30,90.3,0.7,0.2,4.3,4.1,0,3,150,26,0.3,11,41,0.03,0.02,0.2,2,0,0,0
5018,Loquat(ndunda),51,84.6,0.62,0.2,9.5,4.51,0,2,180,13,0.5,13,4.1,0.02,0.04,0.3,45,0,0,0
5019,Ripe mango,64,83,0.6,0.3,14,1.6,0,1,186,14,0.2,9,35,0.03,0.04,0.6,92,0,0,0
5020,Unripe mango,45,86.7,0.8,0.1,8.9,3,0,26,147,27,0.4,18,88,0.02,0.03,0.26,7,0,0,0
5021,"Mulberry, raw",35,89.5,1.6,0.2,5.6,2.2,0,6,310,55,1.2,19,11,0.03,0.07,0.7,1,0,0,0
5022,"Orange, Juice",18,94.6,0.4,0.1,3.6,1.1,0,2,146,21,0.7,11,0,0.06,0.02,0.1,3,0,0,0
5024,Papaya,36,89.8,0.6,0,6.8,2.1,0,4,140,21,0.6,28,51,0.04,0.03,0.3,85,0,0,0
5025,Passion Fruit,75,75.7,2.4,0,8.7,11.7,0,19,200,10,0.6,28,29,0.03,0.14,2.5,64,0,0,0
5026,"Passion Fruit, juice",96,75.5,0.8,0.1,22.9,0.2,0,10,252,13,0.4,21,23,0.07,0.01,1.5,45,0,0,0
5027,Peach,48,86.7,1,0.1,9.9,1.9,0,2,203,5,0.3,8,8,0.01,0.03,0.8,13,0,0,0
5028,Pear,48,86,0.4,0.2,9.1,4,0,1,96,8,0.3,7,4,0.03,0.03,0.1,1,0,0,0
5029,Canned Pineapple,93,77,0.3,0.6,21.2,0.7,0,6,80,4,0.4,11,9,0.05,0,0,1,0,0,0
5030,Fresh Pineapple,41,88.6,0.48,0,8.1,2.3,0,1,143,16,0.4,13,36.4,0.05,0.03,0.12,3,0,0,0
5031,Plum,47,86.9,0.7,0.1,9.9,2,0,1,158,10,0.4,7,4,0.04,0.06,0.5,6,0,0,0
5032,"Pomegranate, raw",74,78.1,1.6,0.2,13.3,6.4,0,4,172,12,0.8,9,15,0.06,0.06,0.4,4,0,0,0
5033,"Raspberry, raw",54,83.2,1.4,0.2,8.9,5.6,0,1,156,27,0.8,25,30,0.04,0.03,0.3,3,0,0,0
5034,"Strawberry, raw",35,90,0.7,0.2,6.3,2.5,0,3,158,19,0.6,8,49,0.03,0.02,0.1,0,0,0,0
5035,Tangerine Juice,46,88.3,0.6,0.2,10.3,0.2,0,1,178,12,0.2,11,37,0.04,0.03,0.1,13,0,0,0
5036,"Tangerine, pulp, raw",52,86.2,0.87,0.2,10.8,1.5,0,2,150,26,0,17,36,0.08,0.05,0.3,1,0,0,0
5037,Tree tomato,43,85.6,2.1,0,4.6,6.5,0,20,133,56,1,19,12.6,0.13,0.1,1.6,45,0,0,0
5038,Watermelon,26,92.9,0.6,0,5,0.93,0,2,88,4,0.7,10,11.5,0.03,0.04,0.26,21,0,0,0
5039,Zambarau,59,85.3,0.52,0,0,0,0,11,72,44,0.5,17,0,0,0,0,0,0,0,0
6,MILK AND DAIRY PRODUCTS,0,0,0,0,0,0,0,0,0,0,0,0,0,0,0,0,0,0,0,0
6001,Unsalted Butter,735,17.2,1.1,81.3,0,0,167,10,15,15,0,2,0,0,0.05,1.1,845,0,0,0
6002,Salted Butter,739,15.3,1.1,81.3,0.6,0,167,776,23,17,0.01,2,0,0,0.05,1.1,845,0,0,0
6003,"Cheese, cheddar, regular fat",401,37,26,32.8,0.4,0,108,600,73,800,0.3,27,1,0.04,0.5,1.5,166,0,0,0
6004,"Cheese, cottage (cow milk), plain, skimmed",91,79,13.3,2.5,3.8,0,10,450,123,60,0.1,8,0,0.05,0.2,0.5,34,0,0,0
6005,"Cheese, cottage (cow milk), plain, whole",121,75.4,15.4,5.7,2.1,0,0,277,123,89,0.1,8,0,0.05,0.29,0.5,35,0,0,0
6006,"Cheese, cottage, Milk, Cow, Sour",122,73.6,13.7,4.3,7.2,0,17,364,104,112,0.7,8,0,0.03,0.27,0.1,37,0,0,0
6007,"Cream, pure, 35% fat",229,72,2.4,23.6,1.7,0,72,40,55,39,0.3,4,0,0.03,0.12,0,174,0,0,0
6008,Ghee,898,0,0.3,99.9,0,0,290,2,5,2,0.2,0,0,0,0.01,0,900,0,0,0
6009,"Ice cream, caramel flavour, regular fat",205,61.4,3.7,10.6,23.6,0,35,48,142,93,0.1,12,0,0,0.29,0.7,166,0,0,0
6010,"Ice cream, chocolate flavour, regular fat",226,56.4,4.4,12,24.2,2,42,71,245,130,0.9,30,0.7,0,0.19,0.2,145,0,0,0
6011,"Ice cream, strawberry flavour, regular fat",201,60.7,3.5,9.5,25.2,0.5,32,54,165,107,0.2,13,0,0.02,0.27,0.4,139,0,0,0
6012,"Ice cream, vanilla flavour, regular fat",199,62.7,3.9,10.6,22.2,0,35,64,142,117,0.2,12,0,0,0.25,0.7,166,0,0,0
6013,"Ice cream, vanilla flavour, with nuts, regular fat",219,59.6,4,12.2,23.3,0.2,34,47,157,92,0.2,15,0,0,0.29,0.7,162,0,0,0
6014,Fresh Camel Milk,52,89.8,2.2,2.8,4.5,0,9,119,344,56,1.5,16,0,0.61,0.08,0,15,1.571905579,0.891094574,0.104371146
6027,Boiled Camel Milk,62,88,2.6,3.3,5.3,0,9,140,404,66,1.7,18,0,0.65,0.09,0,16,0,0,0
6015,Skimmed Camel Milk,284,27,9.9,0.2,60.7,0,8,125,446,358,0.3,30,2,0.1,0.6,0.3,0,0,0,0
6016,"Milk, cow, condensed, whole, sweetened, raw",335,25.8,8.3,9.2,54.8,0,31,130,357,280,0.2,25,1,0.1,0.5,0.3,74,0,0,0
6017,"Milk, cow, powder, skimmed",361,4.1,37.2,0.9,51,0,26,550,1602,1290,0.4,115,2,0.45,1.64,0.9,5,0,0,0
6018,"Milk, cow, powder, whole    ",495,3.2,26.1,26.4,38.4,0,90,440,1157,975,0.5,85,3,0.34,1.32,0.8,395,0,0,0
6019,"Milk, cow, skimmed, raw",38,89.8,3.5,0.1,5.8,0,3,44,170,130,0.1,12,1,0.03,0.18,0.1,0,0,0,0
6028,"Milk, cow, skimmed, boiled",45,88,4.1,0.1,6.8,0,0,52,200,153,0.1,14,1,0.03,0.2,0.1,0,0,0,0
6020,Maziwa Lala,65,88.3,2.8,4.1,4.1,0,11,36,126,100,0.1,10,0,0,0.2,0,34,1.791969257,0.711030115,0.083483709
6021,Mursik,58,89.1,3.1,3.5,3.6,0,6,22,64,65,0.1,5,1,0,0.27,0,41,2.115003945,0.970019365,0.094953739
6022,Fresh Cow Milk,70,86.3,3.3,3.5,6.1,0,14,39,136,119,0.1,11,0,0,0.27,0,41,2.32347324,0.885011513,0.085994203
6029,Boiled Cow Milk,82,83.8,3.9,4.2,7.2,0,0,45,160,140,0.1,13,0,0,0.3,0,47,0,0,0
6023,Fresh Goat Milk,78,85.3,3.5,0,5.8,0,9,57,207,180,0.1,12,0.5,0.05,0.19,0.5,32,0,0,0
6030,Boiled Goat Milk,92,82.7,4.1,5.3,6.8,0,0,68,243,211,0.1,14,0,0.05,0.21,0.5,38,0,0,0
6025,Fresh Sheep Milk,94,82.8,5.1,5.8,5.2,0,12,44,175,193,0.1,18,4,0.07,0.36,0.4,81,0,0,0
6031,Boiled Sheep Milk,110,79.8,6,6.8,6.2,0,0,52,206,227,0.1,21,3,0.07,0.4,0.4,95,0,0,0
6026,Yoghurt,85,82,2.9,3.1,11.3,0,9,32,130,149,0.2,10,0,0.1,0.2,0.1,34,1.73749868,0.700500845,0.07249941
7,"MEAT, POULTRY AND EGGS",0,0,0,0,0,0,0,0,0,0,0,0,0,0,0,0,0,0,0,0
7031,"Beef, high fat, boiled",402,39.7,31.1,30.8,0,0,0,62,112,21,3.7,12,1,0,0.23,2.8,37,0,0,0
7032,"Beef, high fat, grilled ",356,47.4,25.9,28,0,0,0,98,158,20,3,14,1,0,0.22,3.8,31,0,0,0
7033,"Beef, high fat, stewed ",455,34.7,29.1,37.6,0,0,0,58,105,21,3.5,12,1,0,0.23,3.2,34,0,0,0
7034,"Beef, lean, boiled ",209,50.3,41.9,4.6,0,0,0,99,246,7,4.7,30,1,0,0.38,5.3,10,0,0,0
7035,"Beef, lean, grilled",142,66.2,28.5,3.1,0,0,0,127,285,6,3.1,29,1,0,0.29,5.8,7,0,0,0
7036,"Beef, lean, stewed ",194,54,38.8,4.3,0,0,0,91,228,7,4.4,30,1,0,0.37,5.9,9,0,0,0
7037,"Beef, liver, boiled ",178,60.4,30.2,6.4,0,0,0,68,145,7,14.6,20,15,0.24,3.5,7.1,23677,0,0,0
7038,"Beef, medium fat, boiled ",197,55.2,32.8,7.4,0,0,0,91,192,5,20.7,24,1,0,0.27,3.7,12,0,0,0
7039,"Beef, medium fat, grilled ",175,61.5,27.3,7.3,0,0,0,143,272,5,16.3,28,1,0,0.26,4.9,10,0,0,0
7040,"Beef, medium fat, stewed ",224,53.6,30.7,11.3,0,0,0,85,180,5,19.4,24,1,0,0.27,4.2,11,0,0,0
7006,Camel Meat,197,60.5,18.6,8.9,10.8,0,45,49,325,4,3.8,13,0,0.04,0.2,6,1,0,0,0
7041,Boiled Chicken,226,55.7,23.7,14.6,0,0,0,34,77,14,2.5,18,2,0.1,0.14,4.9,52,0,0,0
7042,Grilled Chicken,228,55.2,24,14.7,0,0,0,70,156,15,2.9,19,1,0.11,0.13,6.6,72,0,0,0
7027,Boiled Egg,134,75.9,12.7,8.1,2,0,0,147,120,51,1.6,13,0,0.09,0.41,0,177,0,0,0
7029,Boiled Egg Yolk,331,51,16.1,28.2,3,0,0,48,99,124,5.7,8,0,0.15,0.32,0,427,0,0,0
7013,"Goat blood, raw",69,86.4,3.8,0,4.9,0,0,0,169,0,27.2,0,0,0,0,0,0,0,0,0
7043,"Goat, lean, boiled",174,62,29.1,6.4,0,0,0,137,217,12,9.9,34,0,0,0.28,3.8,8,0,0,0
7044,"Goat, lean, grilled",169,63.1,28.3,6.2,0,0,0,189,281,14,9.6,35,1,0.17,0.3,5.2,9,0,0,0
7045,"Goat, liver, boiled",176,61.9,30.5,6,0,0,0,58,205,14,9.4,22,0,0.21,0.49,9.8,19000,0,0,0
7046,"Goat, medium fat, boiled",196,56,27.8,9.4,0,0,0,106,177,12,2.7,25,1,0.13,0.22,3.3,20,0,0,0
7047,"Goat, medium fat, grilled",192,57.1,26.9,9.3,0,0,0,147,229,14,2.6,26,1,0.16,0.23,4.4,21,0,0,0
7017,"Guinea fowl, meat",112,75.2,20.5,0,0.1,0,87,58,240,31,2.2,21,1,0.02,0.18,3.6,2,0,0,0
7018,"Lamb liver, raw",161,67.6,20.4,7.5,3.1,0,389,67,326,10,8.3,18,20,0.3,2.25,10.9,31400,0,0,0
7048,"Lamb, liver",193,54.5,30.8,7.8,0,0,0,61,296,12,12,22,21,0.32,3,8.3,38100,0,0,0
7049,"Lamb, boiled ",344,47.2,25.4,26.9,0,0,0,54,189,14,2.5,21,0,0.07,0.18,4.6,0,0,0,0
7050,"Lamb, grilled",338,48.3,24.6,26.6,0,0,0,74,283,17,2.3,27,0,0.1,0.29,7.1,0,0,0,0
7051,"Pork, meat, boiled",374,41.8,29.1,28.6,0,0,0,40,195,30,1.8,12,0,0.29,0.18,2.9,0,0,0,0
7052,"Pork, meat, grilled ",356,44.9,27,27.6,0,0,0,75,307,26,1.3,18,0,0.63,0.21,4.3,0,0,0,0
7053,"Rabbit meat, stewed ",207,51.4,35.8,7.1,0,0,0,47,299,15,1.5,17,0,0.27,0.05,5.5,12,0,0,0
7054,"Rabbit meat, roasted",160,62.4,27.7,5.5,0,0,0,51,336,13,1.1,17,0,0.31,0.05,6,9,0,0,0
7055,"Sausage, beef, grilled",223,48.1,16.1,17,0,3,0,815,316,57,1.6,35,0,0.03,0.13,2.9,155,0,0,0
7023,"Sausage, frankfurters",274,60,10,0,1.6,1.5,48,1000,75,78,1.5,11,0,0.04,0.08,0.9,9,0,0,0
7056,"Sausage, frankfurters, boiled",272,59.2,10.3,25.3,0,2,0,876,66,68,1.5,11,0,0.03,0.07,0.7,8,0,0,0
7057,"Sausage, liver, grilled ",369,40.7,17.3,33.3,0,0,0,1080,193,40,8.5,16,0,0.2,2.03,4.9,9970,0,0,0
7058,"Sausage, pork, boiled",355,48,12.5,33.6,0,1,0,665,148,23,1.1,16,0,0.03,0.12,2.2,26,0,0,0
7059,"Sausage, pork, grilled",419,37.4,16,39,0,2,0,900,189,34,1.5,21,0,0.04,0.16,3.2,33,0,0,0
7026,"Quail, flesh & skin, raw",175,69.7,19.1,11.5,0,0,88,49,358,10,2.6,24,6,0.17,0.39,7.1,47,0,0,0
8,FISH AND SEA FOOD,0,0,0,0,0,0,0,0,0,0,0,0,0,0,0,0,0,0,0,0
8015,steamed fillet,90,77.5,20.7,0.7,0,0,0,82,336,18,0.2,27,0,0.06,0.06,1.6,2,0,0,0
8016,Grilled Fillet,98,75.5,22.7,0.8,0,0,0,90,416,20,0.2,31,1,0.07,0.08,2.2,2,0,0,0
8017,Boiled fillet,90,77.5,20.7,0.7,0,0,0,97,448,18,0.3,31,1,0.06,0.08,2.1,2,0,0,0
8018,Stewed Omena,152,59.6,27,4.8,0,0,0,136,364,1270,3.1,44,0,0.13,0.24,7.9,58,0,0,0
8019,Steamed Eel,199,64.8,21.3,12.6,0,0,0,72,246,24,0.6,20,2,0.18,0.3,3,880,0,0,0
8020,Grilled Eel,210,62.6,23,13.1,0,0,0,78,300,26,0.7,23,2,0.23,0.41,4.1,1084,0,0,0
8021,Boiled Eel,212,63.4,21.3,14,0,0,0,85,328,24,0.7,24,2,0.2,0.42,4,1131,0,0,0
8004,"Herring stock, raw",114,70.8,18.9,0,0,0,62,95,357,67,1.1,32,0,0.05,0.23,3.2,0,0,0,0
8022,"Herring stock, steamed ",137,64.9,22.7,5.2,0,0,0,97,322,80,1.1,33,0,0.05,0.19,2.7,34,0,0,0
8023,"Herring stock, grilled",148,62.1,24.5,5.6,0,0,0,105,394,87,1.3,37,0,0.06,0.27,3.7,36,0,0,0
8024,"Herring stock, boiled",137,64.9,22.7,5.2,0,0,0,114,430,80,1.4,39,0,0.06,0.28,3.6,34,0,0,0
8005,"Lungfish, fillet, raw",73,80.5,15.9,0,0,0,61,91,168,180,2.6,20,0.2,0,0.28,2.2,0,0.302045768,0.232399651,0.278879581
8025,"Lungfish, fillet, steamed ",88,76.5,19.1,1.2,0,0,0,93,152,217,2.5,21,0,0,0.24,1.8,10,0,0,0
8026,"Lungfish, fillet, grilled ",94,74.7,20.6,1.3,0,0,0,100,185,234,2.9,24,0,0,0.33,2.5,11,0,0,0
8027,"Lungfish, fillet, boiled ",88,76.5,19.1,1.2,0,0,0,109,202,217,3.2,24,0,0,0.34,2.5,10,0,0,0
8028,"Mudfish (kamongo), fillet, steamed ",123,73.8,21.5,4.2,0,0,0,42,272,28,0.5,24,0,0.06,0.03,2.6,10,0,0,0
8029,"Mudfish (kamongo), fillet, grilled ",133,71.8,23.2,4.5,0,0,0,45,333,30,0.6,28,0,0.08,0.04,3.5,11,0,0,0
8030,"Mudfish (kamongo), fillet, boiled",123,73.8,21.5,4.2,0,0,0,49,363,28,0.7,29,0,0.07,0.04,3.5,10,0,0,0
8007,"Mackerel, raw",127,76.8,18.7,5.9,0,0,60,66,395,23,0.9,33,1.8,0.1,0.15,2.9,25,0,0,0
8031,"Prawns, fresh, steamed",119,69.9,22.2,1.3,5,0,0,196,228,71,1.4,44,0,0.03,0.07,2.2,16,0,0,0
8032,"Prawns, fresh, grilled",115,71,21.4,1.3,4,0,0,223,293,69,1.7,50,0,0.04,0.1,2.9,16,0,0,0
8033,"Prawns, fresh, boiled ",119,69.9,22.2,1.3,5,0,0,196,258,71,1.5,47,0,0.04,0.09,2.9,16,0,0,0
8034,"Sardine, fresh, steamed ",159,67.4,23,7.4,0,0,0,38,321,50,1.2,36,0,0.01,0.04,0.7,10,0,0,0
8035,"Sardine, fresh, grilled",175,63.2,26.8,7.5,0,0,0,45,423,58,1.5,44,0,0.01,0.06,1.1,14,0,0,0
8036,"Sardine, fresh, boiled ",170,66.2,23,8.7,0,0,0,45,428,50,1.6,42,0,0.01,0.06,1,13,0,0,0
8013,"Shark, raw",94,74.4,21.6,0,0,0,24,63.63,372,8,0.38,32.58,0,0.03,0.04,2.68,0,0,0,0
8037,"Shark, steamed (without salt)",113,69.2,26,1,0,0,0,65,336,10,0.4,33,0,0.03,0.03,2.3,1,0,0,0
8038,"Shark, grilled (without salt and fat)",122,66.8,28.1,1.1,0,0,0,70,411,11,0.4,38,0,0.04,0.05,3.1,1,0,0,0
8039,"Shark, boiled in recipe (without salt and fat)",113,69.2,26,1,0,0,0,77,448,10,0.5,39,0,0.03,0.05,3.1,1,0,0,0
8014,"Tuna, raw",118,68.9,25,2,0,0,37,50,379,5,0.8,41,0,0.16,0.15,16.3,0,0,0,0
8040,"Tuna, steamed (without salt)",148,61.1,31.2,2.5,0,0,0,53,355,7,0.8,44,0,0.15,0.13,14.3,20,0,0,0
8041,"Tuna, grilled (without salt and fat)",160,57.9,33.8,2.7,0,0,0,57,435,7,1,50,0,0.2,0.18,19.9,22,0,0,0
8042,"Tuna, boiled in recipe (without salt and fat)",148,61.1,31.2,2.5,0,0,0,63,474,7,1,52,0,0.17,0.18,19.4,20,0,0,0
9,OILS AND FAT,0,0,0,0,0,0,0,0,0,0,0,0,0,0,0,0,0,0,0,0
9001,Animal fat/ lard,890,1,0,99,0,0,95,2,1,1,0.1,0,0,0,0,0,0,0,0,0
9002,Corn oil,900,0,0,99.9,0.1,0,0,0,0,0,0,0,0,0,0,0,6,15.09132994,33.91369143,42.49840808
9003,Fish liver oil,900,0,0,100,0,0,570,0,0,0,0,0,0,0,0,0,30000,0,0,0
9004,"Margarine,20% fat",177,78.8,0,19.5,0.4,0,0,733,25,0,0,1,0,0,0,0,819,0,0,0
9005,"Margarine,60% fat",541,37.7,0.3,59.8,0.5,0,0.67,700,30,21,0,2,0.1,0.01,0.03,0,819,0,0,0
9006,"Margarine,80% fat",748,15,0.1,0,0,0,25,300,5,10,0,2,0.15,0,0,0,819,0,0,0
9007,Mustard seed oil,900,0,0,100,0,0,0,0,0,0,0,0,0,0,0,0,0,0,0,0
9008,Olive oil,900,0,0,100,0,0,0,0,0,0,0,0,0,0,0,0,1,0,0,0
9009,Peanut oil,900,0,0,100,0,0,0,0,0,0,0.1,1,0,0,0,0,0,0,0,0
9010,Red palm oil,891,1,0,99,0,0,0,0,0,6,0,0,0,0.01,0.02,0,5490,0,0,0
9011,Vegetable fat,900,0,0.1,100,0,0,0,1,1,1,0,0,0,0,0,0.1,0,0,0,0
9012,Soya bean oil,900,0,0,100,0,0,0,0,0,0,0,0,0,0,0,0,3,15.80949901,24.36640826,50.69168464
9013,Sun flower oil,900,0,0,100,0,0,0,0,0,0,0,0,0,0,0,0,0,0,0,0
10,NUTS AND SEEDS,0,0,0,0,0,0,0,0,0,0,0,0,0,0,0,0,0,0,0,0
10001,"Bambara groundnuts, dried, raw",321,9.5,18.1,6,34.6,28.2,0,2,1330,39,3.3,166,0,0.04,0.07,2.3,0,0,0,0
10002,Coconut Flesh,423,37.1,4.4,39,8.5,10.1,0,29,125,18,2.3,47,2.6,0.08,0.08,1,0,0,0,0
10003,Madafu,176,68,2,10.8,17.3,1,0,12,266,34.7,1.2,35,5.8,0.03,0.6,1.2,0,0,0,0
10004,"Coconut meat, dried (desiccated)",663,4.3,6.7,63.7,7.6,16.1,0,36.5,536,25.7,2.7,88.8,2,0.08,0.1,0.6,0,0,0,0
10005,Jack fruit,156,51.8,4.8,0.6,24.4,16.8,0,8,463,84,5.9,126,4.3,0.15,0.07,0.6,0,0.26224992,0.1236108,0.18530148
10006,"Mustard Seeds, Dry, Raw",522,8.2,18.8,0,15.5,13.7,0,2,380,433,16,220,0,0.65,0.26,3.7,3,0,0,0
10007,Almond Nuts,612,4.6,20.2,52.8,8.6,11,0,1,724,249,4.1,283,0.2,0.18,0.93,3.7,1,0,0,0
10008,Cahew nuts,595,5.9,16.5,48,21.5,5.8,0,11,536,33,4.9,244,0,0.65,0.25,1.8,1,0,0,0
10009,Ground Nuts,593,5.9,20.1,48.4,15,8.3,0,1,630,117,5.5,225,0,0.85,0.14,15,0,9.75842736,22.57301464,13.90194168
10010,Macadamia Nuts,696,7.7,6.8,70.9,2,11.2,0,5,308,44,2.2,100,4.6,0.27,0.1,2,0,10.88214322,55.51553662,1.355608
10011,Pistachio,591,4.2,21,48,13.8,10.1,0,5,1030,116,4.8,132,1.4,0.81,0.17,1.2,16,0,0,0
10012,Peanut Butter,593,5.9,20.1,48.4,15,8.3,0,1,630,117,5.5,225,0,0.85,0.14,15,0,0,0,0
10013,Pumkin seed,575,8,24.3,47.6,9.6,5.8,0,19,796,50,5.5,519,1.9,0.33,0.16,1.6,19,0,0,0
10014,Sim sim,602,4.9,15.3,54.1,6.4,14.3,0,7,322,1430,9.7,333,0,1.01,0.34,5.1,0,7.54847562,18.20271322,23.82204776
10015,Sunflower seeds,595,5.9,18.5,49.9,14.7,10.6,0,0,450,98,5,362,0,0.86,0.2,14.2,1,0,0,0
10016,Watermelon seeds,590,5,30,47.5,7.6,6,0,99,433,69,7.1,513,0,0.12,0.2,3.1,0,0,0,0
11001,"Honey, Raw  ",322,19.2,0.4,0,80.1,0,0,17,74,11,0.6,3,0,0,0,0,0,0,0,0
11002,"Sugarcane, Juice, Raw  ",37,90.2,0.1,0,8.5,0.6,0,1,150,10,1.1,13,6.7,0.03,0.04,0.1,1,0,0,0
11003,"Sugar, white, granulated or lump",400,0,0,0,100,0,0,0,0,0,0,0,0,0,0,0,0,0,0,0
12001,"Beef, broth",6,98.1,0.9,0.3,0,0,0,266,144,4,0,4,0,0.01,0.03,0.4,1,0,0,0
12002,"Coconut, fresh, water",23,93.9,0.8,0.1,4.8,0,0,5,130,24,0.2,11,0,0.01,0.05,0.1,0,0,0,0
12003,"Coffee, instant, dry powder or granules",311,3.1,16.1,1,50.4,20,0,83,3690,145,3.9,350,2,0,1,42.9,0,0,0,0
12004,"Drinking chocolate, powder",541,1,4.4,30.9,60.4,2,0,120,591,60,2,98,1,0.03,0.15,0.5,61,0,0,0
12005,"Tea, chai, instant dry powder",299,5.1,20.2,0,50.2,8.5,0,72,6040,118,2.3,272,0,0,0.99,10.8,0,0,0,0
12006,"Water, tap",0,99.95,0,0,0,0,0,3,1,3,0,1,0,0,0,0,0,0,0,0
12007,"Wine, Red",74,88.4,0.2,0,1.8,0,0,10,89,8,0.3,11,0,0,0,0.3,0,0,0,0
12008,"Wine, White, Dry",76,88.7,0.1,0,0.7,0,0,14,54,8,0.5,8,2,0,0,0.1,0,0,0,0
12009,"Wine, White, Sweet",94,84,0.2,0,5.4,0,0,20,81,10,0.6,9,1.5,0,0,0.1,0,0,0,0
13,CONDIMENTS AND SPICES,0,0,0,0,0,0,0,0,0,0,0,0,0,0,0,0,0,0,0,0
13001,Anise seed,384,9.5,14.9,15.9,38.1,14.6,0,16,1440,648,37,170,21,0.34,0.29,3.1,16,0,0,0
13002,"Baking powder, dry powder",179,4.9,0.1,0.2,43.9,0.8,0,8850,10200,4280,9.7,34,0,0,0,0,0,0,0,0
13003,"Baking soda (bicarbonate), dry powder",0,0.3,0,0,0,0,0,27400,0,0,0,0,0,0,0,0,0,0,0,0
13004,"Bay leaf, dried",353,5.4,7.6,8.4,48.7,26.3,0,23,530,832,43,120,46.5,0.01,0.42,2,309,0,0,0
13005,"Cardamom, seeds, ground",322,8.3,8.5,6.7,42.4,28,0,18,1120,383,14,215,21,0.21,0.18,1.1,0,0,0,0
13006,"Chilli, fresh, raw",45,85.7,1.2,0.4,6.9,4.8,0,3,320,15,1.2,30,94.1,0.09,0.11,0.9,45,0,0,0
13007,"Chilli, dried",309,12.6,13.9,0,25.5,31.2,0,19,2250,142,6.2,175,31.4,0.95,0.43,6.9,195,0,0,0
13008,"Cinnamon, dried, ground",244,13.1,2.8,2.6,26.3,52.3,0,17,482,1183,8.3,54,27.9,0.02,0.07,1.3,3,0,0,0
13009,"Cloves, dry, raw",251,27.6,6,10.4,16,34.5,0,183,877,536,14.2,253,0,0.08,0.13,1.2,6,0,0,0
13010,"Coconut, Milk",140,82.4,1,14.3,1.8,0.3,0,19,131,5,0.5,10,0.9,0.02,0.01,0,0,0,0,0
13011,"Coriander Leaves, fresh, raw",57,81.9,3.3,0.7,7.7,3.5,0,40,578,115,6.6,45,35.9,0.3,0.1,0.9,317,0,0,0
13012,"Coriander seed, dried, ground",347,10.7,13.4,18.8,10.1,41.7,0,27,1189,613,20.1,245,29,0.22,0.35,3.4,10,0,0,0
13013,"Cumin seeds, dried, raw",432,8.7,13.7,25.8,26.1,20.4,0,124,1213,854,38.4,330,15,0.55,0.19,3.2,44,0,0,0
13014,"Curry leaves, fresh, raw",86,66.9,7.7,1.3,2.5,16.8,0,19,584,740,6.9,201,7,0.08,0.17,1.6,645,0,0,0
13015,Curry powder,344,10,10.8,13.8,30.6,27.2,0,52,1728,479,34.3,333,11,0.25,0.28,3.5,80,0,0,0
13016,"Fenugreek leaves, fresh, raw",38,87.3,4.4,0.2,2.2,4.9,0,66,96,185,7.8,61,80.1,0.12,0.26,1.2,609,0,0,0
13017,"Fenugreek seeds, raw",309,9.8,21.4,6.4,23.4,36.1,0,48,530,160,14.1,183,3,0.34,0.29,1.5,8,0,0,0
13018,Garam masala,368,10.1,15.6,15.1,31,0,0,97,1450,760,32.6,330,0,0.35,0.33,2.5,28,0,0,0
13019,"Garlic, peeled or unpeeled, fresh, raw",152,62,6.3,2.8,22.7,5.2,0,8,510,30,1.3,25,11,0.23,0.4,0.8,0,0,0,0
13020,"Ginger, dried, ground",332,9.9,6.9,4.5,59.4,12.9,0,50,1225,152,24.3,335,29,0.16,0.27,3.5,80,0,0,0
13021,"Green Ginger (Mature), fresh, raw",89,73.6,2.6,1.1,13.4,7.7,0,18,661,46.8,1.9,38,8,0.03,0.06,2.5,3,0,0,0
13022,"Mint Leaves, fresh, raw",44,84.9,4.8,1.1,0.1,7.2,0,28,380,200,3.6,34,26,0.15,0.09,1.7,62,0,0,0
13023,"Onion, mature, red skinned, peeled, fresh, raw",42,87.9,1.5,0.1,7.6,2.3,0,5,152,26,0.9,19,7,0.02,0.04,0.3,1,0,0,0
13024,"Onion, spring, raw",31,90.8,1.8,0.3,4.1,2.3,0,12,225,44,1.3,14,26,0.04,0.06,0.6,53,0,0,0
13025,"Parsley, fresh, raw",52,81.4,5.9,0.2,4.2,5.1,0,54,1290,390,5.06,35,119,0.15,0.04,1.1,354,0,0,0
13026,"Pepper, ground, black, dry, raw",297,11.8,10.3,2.7,44.7,26.3,0,25,576,463,19.4,253,0,0.09,0.14,0.7,14,0,0,0
13027,"Salt, Iodized",0,0.2,0,0,0,0,0,38500,98,32,0.1,1,0,0,0,0,0,0,0,0
13028,"Spice, mixed or all spice",360,8.5,9.4,16.3,26.3,35.8,0,90,1440,727,35.5,203,30,0.25,0.45,4.9,55,0,0,0
13029,"Tamarind, fruit, dry, raw",298,21.3,5,0,65.4,5.3,0,25,836,166,9,83,0,60,0.18,2,0,0,0,0
13030,"Tamarind, fruit, fresh, raw",298,20.8,2,0,69.5,5.3,0,25,836,105,9.2,83,3.6,0.34,0.07,1.6,0,0,0,0
13031,"Tomato, sauce (Ketchup)",115,67.5,1.6,0.2,26.1,1.5,0,918,316,13,0.7,16,0,0,0.1,1.3,22,0,0,0
13032,"Tomato, paste, with added salt",78,76.2,3.2,0.3,13.6,4.1,0,630,911,30,1.7,43,15,0.13,0.13,2.8,113,0,0,0
13033,"Tomato, soup, condensed, canned",54,84,1,0.3,10.8,1.9,0,545,290,10,0.4,13,4,0.3,0,1.3,11,0,0,0
13034,"Turmeric, dried, ground",300,13.7,6.3,0,51.7,20,0,25,1250,500,39,225,30,0.26,0.23,3.4,80,0,0,0
13035,"Yeast, dry powder",347,7.9,35.7,4.9,30.5,19.3,0,50,2000,120,3.4,230,0,2.8,4,8.5,0,0,0,0
14001,"Grasshopper, Brown, Fresh, Raw",170,71.9,0,0,0.3,1.41,0,66,75,7,3.7,10,3.2,0,1.04,0.2,174,0,0,0
14002,"Grasshopper, Green, Fresh, Raw",210,66.3,0,0,0.7,1.3,0,121,125,9,5.6,11,0,0,0.93,3.6,94,0,0,0
14003,"Termite, Dry, Raw   ",557,7,35,0,3.4,5.5,0,1969,388,91,35.2,5,0,0.08,3.56,3.9,100,0,0,0
14004,"Termite, Fresh, Raw   ",367,36.8,30.9,27,0,2.7,0,4,200,1460,8.3,15,0,0,4.18,2.8,224,0,0,0
15001,Maize Porridge,52,87.5,1.5,1.1,8.5,1.1,2,10,50,25,0.3,12,0,0.02,0.05,0.2,7,0,0,0
15002,"Sorghum, Finger Millet and Maize Porridge",41,89.8,1.3,0.9,6.3,1.3,2,10,57,33,0.5,14,0,0.02,0.05,0.3,7,0,0,0
15003,Kaimati (Fried Dumplings),429,18.8,4.6,21.8,52.8,1.6,0,4,81,17,2.1,16,0,0.33,0.25,2,30,0,0,0
15004,Mahamri (Swahili Doughnuts),413,22.8,6,22.1,46.6,2.1,0,4,101,20,2.8,19,0.1,0.43,0.3,2.7,41,0,0,0
15005,Whole Maize Flour Ugali,141,64.5,3.3,1.8,26,3.8,0,7,93,12,1.1,31,0,0.08,0.04,0.8,0,0,0,0
15006,‚ÄúBrown‚Äù Maize and Finger Millet Flour Ugali,133,64,3.1,1.3,24,6.6,0,6,158,79,2.9,48,0,0.07,0.02,1.2,0,0,0,0
15007,"Maize, Red Sorghum and Finger Millet Ugali",129,66.2,3.1,1.4,23.3,5.3,0,6,131,39,1.9,44,0,0.07,0.03,1,0,0,0,0
15008,Cassava and Red Sorghum Ugali,116,69.6,2.1,0.8,23.4,3.4,0,9,163,24,0.9,38,0.5,0.05,0.04,0.7,0,0,0,0
15009,Refined Maize Flour Ugali,148,62.8,3.4,1.9,27.3,4,0,8,97,12,1.1,33,0,0.09,0.04,0.8,0,0,0,0
15010,"Red Sorghum, Maize flour & Finger Millet Ugali",150,61,1.9,0.7,32.1,3.6,0,5,92,26,1.3,33,0,0.04,0.02,0.7,0,0,0,0
15011,Cassava Ugali,186,51.6,1.1,0.3,43.7,2.2,0,20,326,79,0.8,26,1.8,0.03,0.05,0.6,1,0,0,0
15012,"Cassava, Millet & Sorghum Porridge",46,87.9,0.5,0.1,10.2,1,0,6,47,18,0.4,10,0.1,0.01,0.01,0.2,0,0,0,0
15013,Cassava Porridge (Uji wa Muhogo),28,92.6,0.1,0,6.8,0.3,0,5,39,12,0.1,4,0.2,0,0.01,0.1,0,0,0,0
15014,Finger Millet Porridge (Uji wa Wimbi),40,88.8,0.7,0.2,7.8,2.1,0,4,52,35,1.1,16,0,0.01,0,0.4,0,0,0,0
15015,Bulrush Millet Porridge (Uji wa Mawele),83,79.2,2,1,15.7,1.6,0,5,55,9,6,17,0.4,0.04,0.03,0.3,0,0,0,0
15016,Rice Flour Porridge (Uji wa Mchele),56,87.5,0.6,1.3,10.2,0.2,0,5,26,4,0.1,5,0.1,0.01,0,0.2,0,0,0,0
15017,Omena,180,68.5,8.8,13.3,6,0.7,123,449,188,378,1,20,6.4,0.04,0.18,1.6,52,0,0,0
15018,Busaraaù (Whole Maize and Finger Millet Porridge),40,88.6,1,0.3,7.3,2.5,0,4,41,60,1.9,20,0,0.02,0.01,0.5,0,0,0,0
15019,White Chapati,424,18.4,7.8,21.1,49.6,2.5,0,100,90,25,3.9,22,0,0.56,0.36,3.6,59,0,0,0
15020,Brown Chapati,413,20.5,7.3,22.9,40.9,7.2,0,120,213,23,2.4,76,0,0.29,0.08,2,1,0,0,0
15021,Hard boiled eggs,136,75.4,12.9,8.3,2.5,0,426,150,122,52,1.7,13,0,0.09,0.42,0,180,0,0,0
15022,Fried Egg,223,64.2,13.1,17.9,2.5,0,431,717,132,56,1.8,14,0,0.11,0.5,0,192,0,0,0
15023,Omelette,121,77.6,6.6,7.8,5.3,1.5,182,189,169,36,1.5,17,13.4,0.08,0.25,0.4,95,0,0,0
15024,Spanish Omelette,161,74,7.5,12.9,3.2,0.8,228,409,135,35,1.3,13,20.3,0.08,0.28,0.2,110,0,0,0
15025,Meat Samosa,443,13.9,18.8,22.2,40.5,3.1,40,175,302,51,11.5,37,7.4,0.47,0.42,5.1,66,0,0,0
15026,Vegetable Samosa,325,30.2,8.5,13.1,40.2,6.2,0,243,333,55,3.8,35,23.7,0.46,0.31,3.2,138,0,0,0
15027,Pancakes,270,41.5,8.3,8.5,39.2,1.7,54,37,138,77,2.9,22,0,0.4,0.4,2.5,77,0,0,0
15028,Egg Toast,280,40.3,12.5,10.7,32.4,1.9,249,587,152,56,2.1,25,0,0.14,0.29,2.2,106,0,0,0
15029,Drop Scones,449,23.5,7.1,29.8,37.4,1.4,59,116,112,61,2.4,18,0,0.33,0.33,2,88,0,0,0
15030,Terere,83,80.6,3,5.3,2.9,5.5,0,161,442,192,4.9,87,49.3,0.03,0.16,0.6,209,0,0,0
15031,Sukumawiki,54,87,2.5,3.2,2.1,3.8,0,123,198,291,2.3,33,82.1,0.08,0.1,0.8,122,0,0,0
15032,Stir-fried Cabbage,100,82.7,1.2,8.6,3.1,2.4,0,510,305,48,0.6,11,38.6,0.04,0.04,0.4,0,0,0,0
15033,Jute Mallow (Mrenda) & Pumpkin Leaves,59,85.3,3.4,2.3,5.4,2,9,180,197,141,1.8,26,9.19,0.03,0.22,0.3,72,0,0,0
15034,Pumpkin Leaves,99,80.8,3.2,6.7,5.5,1.5,6,332,236,166,2,51,10.7,0.03,0.16,0.6,61,0,0,0
15035,"Saget, Terere & Managu ",60,83,4.3,1.9,4.5,3.8,7,174,244,184,3.3,39,16.1,0.02,0.22,0.4,132,0,0,0
15036,Pilau,213,56.3,6.9,9.4,24.8,1.1,12,349,285,19,1.3,20,5.9,0.04,0.1,1.5,5,0,0,0
15037,Mseto wa Ndengu,103,74.5,3.7,1.3,18.4,1.5,0,59,101,19,0.8,23,0.3,0.04,0.04,0.3,1,0,0,0
15038,Mseto wa Maharagwe,193,58.2,5,7.9,23.5,3.8,0,356,172,27,1.3,24,2.3,0.06,0.06,0.6,3,0,0,0
15039,Vine spinach,72,84.7,3.2,5.2,1.4,3.5,13,170,389,233,9.5,37,56.7,0.05,0.17,0.8,166,0,0,0
15040,"Fiqe (Red Sorghum, Beans and Teff Flour)",192,52.5,7.2,5.8,24.2,7.4,13,495,315,170,3.5,77,24,0.15,0.12,1.4,82,0,0,0
15041,"Qanchibelo (Beef, Maize & Wheat Flour)",133,68.6,9.6,3.1,15.7,1.7,23,225,169,62,5.9,24,19.3,0.14,0.18,2.4,40,0,0,0
15042,"Qita  ""Maize & wheat flour pancake""",241,44.3,5.1,5.6,41.2,2.8,8,158,105,24,2.8,28,0.2,0.35,0.23,2.4,62,0,0,0
15043,"Gurdo, Marqa (Ugali in Sour Milk)",242,46.9,6.6,9.6,29.7,5.1,24,268,264,103,2.2,78,0.4,0.1,0.2,1.3,65,0,0,0
15044,Green Gram Stew,109,74.4,6.3,4.2,9.3,4,0,243,184,33,1.6,43,2.1,0.08,0.04,0.4,4,0,0,0
15045,Bean Stew,63,83.1,3.5,1.4,7.2,3.7,0,165,125,20,1,17,1.5,0.04,0.03,0.3,4,0,0,0
15046,Lentil Stew,108,72.8,7.1,3,11.1,4.5,0,275,183,26,2,28,4.3,0.08,0.05,0.6,3,0,0,0
15047,Camel Meat (Nyirinyiri),521,8.5,34.6,33.6,20,0,99,346,407,7,6.9,21,0,0.04,0.31,8.3,1,0,0,0
15048,Mbuboyi (Blood Cooked in Fresh Milk),97,76.2,11.5,2,8.3,0,136,361,199,57,13.9,8,0,0.05,0.17,0.2,0,0,0,0
15051,"Ugali (Cassava, finger millet & sorghum flour)",145,61.3,2,0.6,30.7,4.3,0,11,236,69,1.7,40,0.8,0.05,0.04,0.9,0,0,0,0
15052,Yam Stew,94,76.7,1.5,2.4,15.3,2.5,0,347,279,13,0.7,14,5.2,0.06,0.02,0.4,34,0,0,0
15053,Githeri (stewed Maize & Beans),157,60.4,6.7,4.2,19.7,7.2,0,233,281,39,2.2,41,0.5,0.1,0.06,0.8,0,0,0,0
15054,"Mukimo (Maize, Beans, Potatoes & Pumpkin Leaves)",118,67.1,5,0.7,20.5,4.8,0,266,436,38,2,36,2.7,0.08,0.05,0.9,4,0,0,0
15055,Githeri (Fresh Maize & Beans),185,55.3,6.9,7.2,17.8,10.5,0,335,308,41,2.2,43,0.8,0.12,0.08,1,2,0,0,0
15056,Matoke (Stewed Green Bananas & Meat),118,72.9,6,4.1,13.3,1.8,14,381,380,16,3.9,22,9.8,0.05,0.08,1.4,19,0,0,0
15057,"Mukimo (Fresh Maize, Potato & Pumpkin Leaves)",109,68.8,3,1,18.5,6.8,0,336,404,44,1.6,35,3.7,0.09,0.06,1.2,14,0,0,0
15058,Stewed Potatoes & Arrowroots,90,78,1.9,2.1,15,1.8,0,173,401,8,0.9,17,7.1,0.08,0.05,1,3,0,0,0
15059,"Mukimo wa Njahi (Black Beans, Green Bananas & Potatoes)",164,53.7,9.5,0.6,26.5,7.2,0,273,606,31,3.2,65,4.2,0.2,0.08,1.2,0,0,0,0
15060,Githeri (Fresh beans and Maize),180,57,7.8,7.6,15.1,10.4,0,433,319,17,1.7,24,9.2,0.13,0.09,1.4,6,0,0,0
15061,Mashed Potato and Bananas,179,62.1,2.3,8.5,22.1,2.6,0,544,551,12,1.4,23,12.6,0.06,0.04,0.9,4,0,0,0
15062,Mukimo wa Njahi (Raw & Ripe Bananas),151,57.7,6.4,0.6,26.6,6.5,0,229,437,24,2.2,54,9.8,0.15,0.07,0.8,1,0,0,0
15063,Groundnut Sauce,298,50.2,10.6,23.4,9.6,3.5,9,492,366,132,2.3,101,0,0.28,0.21,5,28,0,0,0
15064,Vimumunya vya Chumvi (Pumpkin & Coconut Milk),72,85.8,1.3,4.9,4.6,1.9,0,325,183,16,0.3,13,5.5,0.05,0.05,0.6,88,0,0,0
15065,Vinolo (Banana and Maize Flour Ugali),124,68.4,2.2,0.9,25.5,2.5,0,9,147,9,1.2,22,6.2,0.12,0.08,0.9,16,0,0,0
15067,Vimumunya vya Sukari (Sweetened Pumpkin & Coconut Milk),93,79,1.1,3,14.5,1.8,0,15,155,14,0.3,11,5,0.05,0.04,0.5,81,0,0,0
15068,Wukunu (sweet potatoes &dehulled black beans,94,73,4.1,0.6,15.8,4.6,0,229,288,21,1.5,33,12.6,0.1,0.04,0.7,1,0,0,0
15069,Mushenye (Green Maize and Sweet Potatoes),153,60.4,7.1,4.1,17.6,8.6,0,242,340,44,2.3,51,5.9,0.15,0.07,1.6,1,0,0,0
15070,Ingokho (Stewed Chicken),211,59.7,18.3,12.3,6.4,1.1,93,482,210,21,2.7,23,18.4,0.11,0.13,5.1,63,0,0,0
15071,Malesele (Cow Blood with Sour Milk) ,335,37.5,20,21.2,15.4,1,250,1070,831,85,24.8,19,0,0.1,0.25,0.7,0,0,0,0
15072,Tsiswa (Termites),515,10.5,31.6,38.8,7.3,5.1,236,2280,412,137,29.8,13,1.3,0.05,3.15,2.9,95,0,0,0
15073,Ingokho (Fried Chicken),532,6.8,44.6,35.3,9.1,0,0,932,410,31,5.6,38,2.3,0.18,0.25,12.3,134,0,0,0
15074,Boiled Rice,138,67.1,2.7,2,27.2,0.2,0,216,21,9,0.3,9,0,0.02,0.04,0.4,0,0,0,0
15075,Onion Fried Rice (Wali wa Yasmin),185,58.9,3.1,5.1,31.2,0.6,0,275,46,13,0.5,12,0.9,0.02,0.05,0.5,0,0,0,0
15076,Stir-fried Spinach,74,84.4,2.8,5.4,2,3.3,0,870,299,99,3.7,66,16.9,0.02,0.08,0.5,142,0,0,0
15077,Thabai / Thaa (Stinging Nettle),34,92.3,1.2,2.4,1.9,0.6,4,312,113,132,1.4,28,1,0.01,0.06,0.2,0,0,0,0
15078,Stewed Cowpea Leaves (Rhikhuvi),152,74.1,3.2,13.3,3.5,3.2,8,660,202,146,1.3,23,12.6,0.19,0.22,0.7,32,0,0,0
15079,Stewed Kunde & Mrenda ,57,83.5,3.7,2,4.4,3.3,0,761,244,158,2.4,23,13.1,0.1,0.29,0.4,84,0,0,0
15080,Stewed Mushrooms in Peanut Butter (Obwoba),117,73.3,4.9,6.3,8.3,3.8,5,822,408,38,1.4,47,6.7,0.17,0.35,2.2,6,0,0,0
15081,Chai ya Maziwa (Mixed Tea),36,92.1,1.1,1.2,5.4,0,307,15,45,42,0,5,0,0,0,0,14,0,0,0
15082,Stewed Dried Fish,330,42.7,25.7,23.2,3.9,1.4,0,572,403,189,2.1,57,10.4,0.05,0.03,3.3,0,0,0,0
15083,Kimanga (Smoked Green Bananas and Kidney Beans),146,57.7,6.5,0.9,24.1,7.7,0,485,401,46,2,43,0.8,0.1,0.09,0.9,2,0,0,0
15084,Mashed Cassava and Pigeon Peas,194,46.8,4.8,0.6,39.6,5.8,0,303,469,94,1.6,44,1.5,0.13,0.07,0.8,4,0,0,0
15085,Ndoto (Red Kidney Beans & Red Sorghum),193,56.4,5.7,7.9,21.3,7,0,270,211,25,1.8,53,0.4,0.08,0.05,1,0,0,0,0
15086,Muthokoi (Dehusked Maize and Beans),161,62.7,5,5.9,19.8,4.6,55,325,185,27,1.3,25,0.4,0.07,0.04,0.4,0,0,0,0
15087,Beef Stew,181,65.7,17.7,10.4,3.8,0.8,162,315,264,12,11.2,27,7.7,0.01,0.2,3.3,14,0,0,0
15088,"Munono (Cow blood, beef, cow fat)",549,23.9,19.5,50.3,4.6,0,55,286,245,10,16.6,19,0,0.03,0.18,2.6,0,0,0,0
15089,Fresh blood and Fresh milk,81,82.5,6.1,3.1,7,0,0,148,161,101,4.7,11,0,0.02,0.23,0.1,0,0,0,0
15090,Kimanga (Mashed Sweet Potato & Black Beans),112,68,5.4,0.5,18.9,5.2,0,276,388,32,1.6,38,7.8,0.12,0.05,0.8,4,0,0,0
15091,Kitojo (Sweet Potato Leaves),144,74.6,3.9,12.7,1.4,4.6,0,648,500,97,0.9,51,8.1,0.07,0.26,0.9,138,0,0,0
15092,Pigeon Peas Stew,118,70.9,5.7,4.4,11,6.1,0,281,260,47,1.4,33,2.9,0.13,0.03,0.5,8,0,0,0
15093,Nchenga/ Nzenga (Crushed Maize),129,69.5,2.2,3.9,20.3,1.8,0,552,85,13,0.3,11,1.5,0.03,0.01,0.2,87,0,0,0
15094,Mseto wa Viazi (Potatoes in Rice),111,73.7,2.1,1.9,21.1,0.5,65,131,92,9,0.4,9,2.5,0.02,0.03,0.4,2,0,0,0
15095,Stewed Guinea Fowl,154,69.7,15.8,9,2,0.7,145,736,240,31,2,22,8.4,0.02,0.15,2.4,10,0,0,0
15096,Fried tilapia,437,23.5,45.7,28.1,0.3,0,0,149,349,252,6.2,40,0,0.09,0.35,7.5,24,0,0,0
15097,Stewed Green Bananas,84,81.8,1,3.8,10.4,2.2,0,100,175,9,0.7,15,13.2,0.03,0.03,0.3,6,0,0,0
15098,Stir Fried Beef,255,50.3,26.7,14.1,5,1,81,682,483,16,16.4,40,9.4,0.02,0.31,5.1,19,0,0,0
15099,Stir Fried Goat Meat,383,30.2,32.1,23.3,10.4,1.7,154,221,465,33,4.1,50,18.7,0.2,0.33,5.4,42,0,0,0
15100,Finger Millet Ugali,120,65.1,2.9,0.7,21,8.9,0,3,212,137,4.4,61,0,0.06,0.01,1.6,0,0,0,0
15101,Omena Stew,450,32.8,19.2,39.3,4.6,0.8,305,90,281,879,2.3,33,10.9,0.11,0.17,5.4,55,0,0,0
15102,Aluru (Stewed Quails),195,65.9,11.3,14.2,5.2,0.6,49,761,302,90,1.6,23,7.9,0.06,0.36,2.7,51,0,0,0
15103,Mashed Potatoes,106,71,2.5,0.2,22.8,1.7,0,330,650,10,1.4,20,6,0.06,0.03,1.1,0,0,0,0
15104,Mashed Bananas,81,76.9,1.2,0.3,16.9,3,0,348,245,8,0.6,20,13.7,0.04,0.03,0.2,0,0,0,0
15105,Enriched Mashed Potatoes,141,70.4,2,6.2,18.6,1.4,2,209,529,10,1.1,16,4.9,0.05,0.03,0.9,51,0,0,0
15106,Enriched Mashed Bananas,136,72.9,0.1,7.8,14.3,2.6,2,276,207,8,0.5,17,11.6,0.03,0.03,0.2,63,0,0,0
15107,Stewed Nile Perch,125,74,14.3,6.3,2.5,0.5,55,596,203,105,1,26,5.2,0.01,0.01,1.6,16,0,0,0
15108,Stewed Goat Meat,222,59.4,17.1,14.6,5.2,0.8,82,783,235,16,2.1,25,8.2,0.11,0.17,2.9,21,0,0,0
15109,Pan Fried Sweet Potatoes,248,51.7,3.1,13.9,25.3,4.9,0,16,325,44,0.8,21,35.2,0.04,0.07,1.2,796,0,0,0
15110,Potato Chips,326,32.1,4.8,13.6,44.4,3.3,0,13,1260,17,2.7,37,12,0.11,0.07,2.3,0,0,0,0
15111,Kimito (Mashed Beans & Potatoes),127,64.1,5.7,0.8,21.6,5.4,0,359,557,35,2.2,36,3.4,0.09,0.06,1,0,0,0,0
15112,Arrowroot Stew,91,77.8,1.9,2.3,14.9,1.8,0,250,431,11,0.9,18,5.3,0.09,0.05,1.1,48,0,0,0
15113,Sweet Potatoes with Peanut Butter,89,81.1,2.2,4.4,9.3,2.2,0,130,179,23,0.7,21,17,0.05,0.04,1.1,263,0,0,0
15114,Black Bean Stew,62,83.6,3.6,1.3,7.7,2.8,0,164,175,17,1.2,26,2.6,0.07,0.03,0.4,3,0,0,0
15115,Bean Stew with Milk and Cream,139,65.2,7.2,4.5,14.3,6.7,8,273,259,66,1.9,34,4.4,0.08,0.11,0.6,25,0,0,0
15116,Rice with Milk,176,61.5,3.9,5.7,27.2,0.2,18,419,73,53,0.4,12,0,0.02,0.14,0.3,44,0,0,0
15117,Pan Fried Arrowroots,181,56.9,4.1,5.2,28.3,2.5,0,616,696,8,1.3,29,1.7,0.21,0.1,2.4,2,0,0,0
15118,Nyenyi (Mashed Pigeon Peas & Green Maize),125,66.4,4.9,2.3,17.8,6.5,0,273,479,56,1.8,41,2.9,0.14,0.05,1,23,0,0,0
15119,Finger Millet and Sorghum Porridge,74,82.3,2.7,2.2,9.7,2.3,8,23,130,93,1.1,24,0,0.02,0.14,0.4,22,0,0,0
15120,Mashed Pumpkin and Black Nightshade,67,80.8,3.8,2.4,4.9,5.1,0,411,456,91,6.7,41,21.5,0.09,0.27,1.4,88,0,0,0
15121,Enriched Matoke,111,73.7,2.4,3.5,15.8,3.2,0,220,256,15,0.9,33,12,0.08,0.04,1,0,0,0,0
15122,Oatmeal,83,78.3,2.4,1.7,12.9,3.5,0,209,82,15,1,35,0,0.13,0.03,0.2,0,0,0,0
15123,Oat Porridge,86,79.3,1.9,1.6,15.3,1.4,4,14,69,39,0.4,18,0,0.05,0.08,0.1,11,0,0,0
15124,Enriched Mandazi,379,23.5,7.6,16.1,49.9,2.2,23,80,105,45,3.3,21,0.7,0.47,0.36,3,90,0,0,0
15125,Basic Mandazi,340,28.2,6.4,12.9,48.7,2.1,0,241,350,136,3.5,19,0,0.46,0.29,3,48,0,0,0
15126,Stewed Split Dal,69,81.8,3.7,1.9,8.1,2.7,0,459,142,22,1.2,21,4.8,0.05,0.03,0.3,9,0,0,0
15127,Potato Curry,145,69,2.2,7,17.3,2.2,0,537,475,25,1.7,22,11.4,0.06,0.04,0.9,10,0,0,0
15128,Peas and Brinjal Curry,131,72.5,4.2,8.5,6.6,5.8,0,520,253,38,2.1,30,16.8,0.13,0.09,1.1,29,0,0,0
15129,Steamed Rice,121,68.6,2.6,0.3,26.7,0.2,0,521,22,10,0.3,9,0,0.02,0.04,0.4,0,0,0,0
15130,Rotli (Indian Chapati),374,21.6,8,16.7,43.8,7.9,28,354,234,25,2.7,83,0,0.32,0.09,2.2,44,0,0,0
15131,Potato Bhajia,471,15.1,8.6,31,37.1,4.8,0,587,783,29,3,39,8.2,0.17,0.09,1.8,5,0,0,0
15132,Chaas (Diluted Yoghurt),60,86.6,2,2.2,8,0,7,262,93,106,0.1,8,0,0.04,0.11,0,24,0,0,0
15133,Siro (Semolina & Nuts),412,28.4,4.3,26.1,39.4,1.1,73,24,140,81,0.5,19,0,0.03,0.18,0.3,196,0,0,0
15134,Minced Meat Balls,157,65.9,8.1,5.4,18.6,0.8,19,321,133,14,4.4,17,4.1,0.02,0.1,1.4,9,0,0,0
15136,Wheat Flour Porridge,111,76.3,2.5,3.9,16.1,0.9,0,3,60,14,0.9,21,0,0.11,0.05,1.4,7,0,0,0
15137,Okra Meat Dish,94,80.1,8.2,5.1,3.2,1.3,23,559,199,23,5.2,24,9.3,0.03,0.1,1.7,15,0,0,0
15138,Hydrabadi Biryani,195,59.3,8.2,8.3,21.4,0.9,19,457,187,35,1,22,1.9,0.06,0.09,1.2,13,0,0,0
15139,Chick Peas Curry,126,69.2,6,5.1,10.3,7.3,0,426,329,77,2.5,48,5.5,0.11,0.06,0.6,12,0,0,0
15140,Bhature (Fried Indian Bread),337,36.1,5.9,18.5,35.9,1.7,11,518,109,62,2.8,18,1.4,0.38,0.27,2.4,73,0,0,0
15141,Pumpkins with Peanut Butter,86,82.7,2.6,5.5,5.4,2.6,0,196,195,24,0.6,29,5.5,0.1,0.06,1.6,91,0,0,0
15142,Boiled beans ,93,74.9,5.2,2.3,10.2,5.3,0,355,229,43,1.6,32,1,0.09,0.05,0.6,2,0,0,0
